2026/03/12 18:21:12 socat[22383] W exiting on signal 15
2026/03/12 18:29:01 socat[22402] W waitpid(-1, {}, WNOHANG): no (more) child has exited
2026/03/13 16:39:35 socat[22402] W waitpid(-1, {}, WNOHANG): no (more) child has exited
2026/03/13 16:48:59 socat[22402] W waitpid(-1, {}, WNOHANG): no (more) child has exited
2026/03/13 17:01:20 socat[22402] W waitpid(-1, {}, WNOHANG): no (more) child has exited
2026/03/13 17:01:32 socat[22402] W waitpid(-1, {}, WNOHANG): no (more) child has exited
2026/03/13 17:02:03 socat[22402] W waitpid(-1, {}, WNOHANG): no (more) child has exited
2026/03/13 17:03:29 socat[22402] W waitpid(-1, {}, WNOHANG): no (more) child has exited
2026/03/13 17:06:00 socat[22402] W waitpid(-1, {}, WNOHANG): no (more) child has exited
2026/03/13 17:08:00 socat[22402] W waitpid(-1, {}, WNOHANG): no (more) child has exited
2026/03/13 17:09:08 socat[22402] W waitpid(-1, {}, WNOHANG): no (more) child has exited
2026/03/13 17:09:58 socat[22402] W waitpid(-1, {}, WNOHANG): no (more) child has exited
2026/03/13 17:31:12 socat[30333] E read(6, 0xb4b008000, 8192): Operation timed out
2026/03/13 17:34:59 socat[22402] W exiting on signal 15
2026/03/13 17:36:32 socat[30759] W waitpid(-1, {}, WNOHANG): no (more) child has exited
2026/03/13 17:38:57 socat[30759] W waitpid(-1, {}, WNOHANG): no (more) child has exited
2026/03/13 17:39:17 socat[30759] W waitpid(-1, {}, WNOHANG): no (more) child has exited
2026/03/13 17:45:02 socat[30759] W waitpid(-1, {}, WNOHANG): no (more) child has exited
2026/03/13 17:45:49 socat[30759] W waitpid(-1, {}, WNOHANG): no (more) child has exited
2026/03/13 17:47:07 socat[30759] W waitpid(-1, {}, WNOHANG): no (more) child has exited
2026/03/13 17:49:01 socat[30759] W waitpid(-1, {}, WNOHANG): no (more) child has exited
2026/03/13 17:52:33 socat[30759] W waitpid(-1, {}, WNOHANG): no (more) child has exited
2026/03/13 17:55:59 socat[30759] W waitpid(-1, {}, WNOHANG): no (more) child has exited
2026/03/13 18:07:26 socat[30759] W waitpid(-1, {}, WNOHANG): no (more) child has exited
2026/03/13 18:07:36 socat[30759] W waitpid(-1, {}, WNOHANG): no (more) child has exited
2026/03/13 18:07:39 socat[33845] E write(6, 0x725008000, 8192): Broken pipe
2026/03/13 18:07:48 socat[30759] W exiting on signal 15
2026/03/13 18:07:48 socat[36514] W exiting on signal 15
2026/03/13 18:07:48 socat[36513] W exiting on signal 15
2026/03/13 18:07:48 socat[34786] W exiting on signal 15
2026/03/15 11:21:27 socat[1159] W waitpid(-1, {}, WNOHANG): no (more) child has exited
2026/03/15 11:24:24 socat[1159] W waitpid(-1, {}, WNOHANG): no (more) child has exited
2026/03/15 11:30:02 socat[1159] W waitpid(-1, {}, WNOHANG): no (more) child has exited
2026/03/15 11:30:34 socat[1159] W waitpid(-1, {}, WNOHANG): no (more) child has exited
2026/03/15 11:31:29 socat[1159] W waitpid(-1, {}, WNOHANG): no (more) child has exited
2026/03/15 11:39:45 socat[1159] W waitpid(-1, {}, WNOHANG): no (more) child has exited
2026/03/15 11:39:52 socat[1159] W waitpid(-1, {}, WNOHANG): no (more) child has exited
2026/03/15 11:40:10 socat[1159] W waitpid(-1, {}, WNOHANG): no (more) child has exited
2026/03/15 11:43:14 socat[1159] W waitpid(-1, {}, WNOHANG): no (more) child has exited
2026/03/15 11:44:03 socat[1159] W waitpid(-1, {}, WNOHANG): no (more) child has exited
2026/03/15 11:44:07 socat[1159] W waitpid(-1, {}, WNOHANG): no (more) child has exited
2026/03/15 12:01:32 socat[1159] W waitpid(-1, {}, WNOHANG): no (more) child has exited
2026/03/15 12:01:38 socat[1159] W waitpid(-1, {}, WNOHANG): no (more) child has exited
2026/03/15 12:01:52 socat[1159] W waitpid(-1, {}, WNOHANG): no (more) child has exited
2026/03/15 12:01:58 socat[1159] W waitpid(-1, {}, WNOHANG): no (more) child has exited
2026/03/15 12:03:18 socat[1159] W waitpid(-1, {}, WNOHANG): no (more) child has exited
2026/03/15 12:59:00 socat[18735] E read(6, 0xb9cc04000, 8192): Connection reset by peer
2026/03/15 12:59:00 socat[18733] E read(6, 0xb9cc04000, 8192): Connection reset by peer
2026/03/15 12:59:00 socat[18734] E read(6, 0xb9cc04000, 8192): Connection reset by peer
2026/03/15 14:27:20 socat[21692] E write(6, 0xb9cc04000, 8192): Broken pipe
2026/03/15 14:27:25 socat[1159] W waitpid(-1, {}, WNOHANG): no (more) child has exited
2026/03/15 14:27:32 socat[1159] W waitpid(-1, {}, WNOHANG): no (more) child has exited
2026/03/19 23:35:55 socat[1159] W waitpid(-1, {}, WNOHANG): no (more) child has exited
2026/03/19 23:36:35 socat[1159] W waitpid(-1, {}, WNOHANG): no (more) child has exited
2026/03/19 23:36:45 socat[1159] W waitpid(-1, {}, WNOHANG): no (more) child has exited
2026/03/19 23:36:45 socat[17359] W connect(5, LEN=16 AF=2 127.0.0.1:3100, 16): Connection refused
2026/03/19 23:36:45 socat[17359] E TCP:127.0.0.1:3100: Connection refused
2026/03/19 23:36:46 socat[17367] W connect(5, LEN=16 AF=2 127.0.0.1:3100, 16): Connection refused
2026/03/19 23:36:46 socat[17368] W connect(5, LEN=16 AF=2 127.0.0.1:3100, 16): Connection refused
2026/03/19 23:36:46 socat[17367] E TCP:127.0.0.1:3100: Connection refused
2026/03/19 23:36:46 socat[17368] E TCP:127.0.0.1:3100: Connection refused
2026/03/19 23:37:06 socat[1159] W waitpid(-1, {}, WNOHANG): no (more) child has exited
2026/03/19 23:37:15 socat[1159] W waitpid(-1, {}, WNOHANG): no (more) child has exited
2026/03/19 23:37:30 socat[1159] W waitpid(-1, {}, WNOHANG): no (more) child has exited
2026/03/19 23:37:49 socat[1159] W waitpid(-1, {}, WNOHANG): no (more) child has exited
2026/03/19 23:38:16 socat[1159] W waitpid(-1, {}, WNOHANG): no (more) child has exited
2026/03/19 23:54:13 socat[17692] E read(6, 0xb9cc04000, 8192): Operation timed out
2026/03/20 23:30:58 socat[1159] W waitpid(-1, {}, WNOHANG): no (more) child has exited
2026/03/20 23:32:17 socat[1159] W waitpid(-1, {}, WNOHANG): no (more) child has exited
2026/03/20 23:33:18 socat[1159] W waitpid(-1, {}, WNOHANG): no (more) child has exited
2026/03/20 23:36:42 socat[1159] W waitpid(-1, {}, WNOHANG): no (more) child has exited
2026/03/20 23:36:57 socat[1159] W waitpid(-1, {}, WNOHANG): no (more) child has exited
2026/03/20 23:37:43 socat[1159] W waitpid(-1, {}, WNOHANG): no (more) child has exited
2026/03/20 23:39:00 socat[1159] W waitpid(-1, {}, WNOHANG): no (more) child has exited
2026/03/20 23:41:31 socat[1159] W waitpid(-1, {}, WNOHANG): no (more) child has exited
2026/03/20 23:41:32 socat[1159] W waitpid(-1, {}, WNOHANG): no (more) child has exited
2026/03/20 23:41:39 socat[1159] W waitpid(-1, {}, WNOHANG): no (more) child has exited
2026/03/20 23:41:52 socat[1159] W waitpid(-1, {}, WNOHANG): no (more) child has exited
2026/03/20 23:46:17 socat[1159] W waitpid(-1, {}, WNOHANG): no (more) child has exited
2026/03/20 23:47:07 socat[1159] W waitpid(-1, {}, WNOHANG): no (more) child has exited
2026/03/20 23:47:17 socat[1159] W waitpid(-1, {}, WNOHANG): no (more) child has exited
2026/03/20 23:47:39 socat[77829] E write(6, 0xb9cc04000, 8192): Connection reset by peer
2026/03/20 23:47:40 socat[1159] W waitpid(-1, {}, WNOHANG): no (more) child has exited
2026/03/20 23:47:55 socat[1159] W waitpid(-1, {}, WNOHANG): no (more) child has exited
2026/03/20 23:48:06 socat[1159] W waitpid(-1, {}, WNOHANG): no (more) child has exited
2026/03/20 23:48:40 socat[1159] W waitpid(-1, {}, WNOHANG): no (more) child has exited
2026/03/21 00:34:17 socat[1159] W waitpid(-1, {}, WNOHANG): no (more) child has exited
2026/03/21 01:07:20 socat[1159] W waitpid(-1, {}, WNOHANG): no (more) child has exited
2026/03/21 01:07:20 socat[1159] W waitpid(-1, {}, WNOHANG): no (more) child has exited
2026/03/21 01:22:34 socat[1159] W waitpid(-1, {}, WNOHANG): no (more) child has exited
2026/03/21 02:47:08 socat[1159] W waitpid(-1, {}, WNOHANG): no (more) child has exited
2026/03/21 02:47:29 socat[1159] W waitpid(-1, {}, WNOHANG): no (more) child has exited
2026/03/21 02:47:32 socat[1159] W waitpid(-1, {}, WNOHANG): no (more) child has exited
2026/03/21 03:03:19 socat[1159] W waitpid(-1, {}, WNOHANG): no (more) child has exited
2026/03/21 03:03:19 socat[1159] W waitpid(-1, {}, WNOHANG): no (more) child has exited
2026/03/21 03:03:35 socat[86193] E read(6, 0xb9cc04000, 8192): Operation timed out
2026/03/21 03:03:37 socat[86190] E write(6, 0xb9cc04000, 8192): Broken pipe
2026/03/21 10:26:49 socat[1159] W waitpid(-1, {}, WNOHANG): no (more) child has exited
2026/03/21 11:11:17 socat[1159] W waitpid(-1, {}, WNOHANG): no (more) child has exited
2026/03/21 11:27:00 socat[1159] W waitpid(-1, {}, WNOHANG): no (more) child has exited
2026/03/25 20:11:06 socat[622] W waitpid(-1, {}, WNOHANG): no (more) child has exited
2026/03/25 20:13:10 socat[622] W waitpid(-1, {}, WNOHANG): no (more) child has exited
2026/03/25 20:14:06 socat[622] W waitpid(-1, {}, WNOHANG): no (more) child has exited
2026/03/25 20:15:03 socat[622] W waitpid(-1, {}, WNOHANG): no (more) child has exited
2026/03/25 20:23:35 socat[6044] W connect(5, LEN=16 AF=2 127.0.0.1:3100, 16): Connection refused
2026/03/25 20:23:35 socat[6044] E TCP:127.0.0.1:3100: Connection refused
2026/03/25 20:31:56 socat[622] W waitpid(-1, {}, WNOHANG): no (more) child has exited
2026/03/25 20:43:36 socat[622] W waitpid(-1, {}, WNOHANG): no (more) child has exited
2026/03/25 20:43:36 socat[622] W waitpid(-1, {}, WNOHANG): no (more) child has exited
2026/03/25 20:44:19 socat[622] W waitpid(-1, {}, WNOHANG): no (more) child has exited
2026/03/25 20:49:06 socat[622] W waitpid(-1, {}, WNOHANG): no (more) child has exited
2026/03/25 20:49:06 socat[622] W waitpid(-1, {}, WNOHANG): no (more) child has exited
2026/03/25 21:19:16 socat[622] W waitpid(-1, {}, WNOHANG): no (more) child has exited
2026/03/25 21:43:43 socat[622] W waitpid(-1, {}, WNOHANG): no (more) child has exited
2026/03/25 21:46:43 socat[622] W waitpid(-1, {}, WNOHANG): no (more) child has exited
2026/03/25 22:18:43 socat[622] W waitpid(-1, {}, WNOHANG): no (more) child has exited
2026/03/25 22:53:44 socat[622] W waitpid(-1, {}, WNOHANG): no (more) child has exited
2026/03/25 23:11:39 socat[622] W waitpid(-1, {}, WNOHANG): no (more) child has exited
2026/03/25 23:13:22 socat[622] W waitpid(-1, {}, WNOHANG): no (more) child has exited
2026/03/25 23:14:46 socat[622] W waitpid(-1, {}, WNOHANG): no (more) child has exited
2026/03/25 23:16:12 socat[622] W waitpid(-1, {}, WNOHANG): no (more) child has exited
2026/03/25 23:16:45 socat[622] W waitpid(-1, {}, WNOHANG): no (more) child has exited
2026/03/25 23:18:20 socat[622] W waitpid(-1, {}, WNOHANG): no (more) child has exited
2026/03/25 23:21:58 socat[622] W waitpid(-1, {}, WNOHANG): no (more) child has exited
2026/03/25 23:23:30 socat[622] W waitpid(-1, {}, WNOHANG): no (more) child has exited
2026/03/25 23:24:19 socat[622] W waitpid(-1, {}, WNOHANG): no (more) child has exited
2026/03/25 23:29:38 socat[622] W waitpid(-1, {}, WNOHANG): no (more) child has exited
2026/03/26 00:03:44 socat[622] W waitpid(-1, {}, WNOHANG): no (more) child has exited
2026/03/26 00:41:44 socat[622] W waitpid(-1, {}, WNOHANG): no (more) child has exited
2026/03/26 00:41:44 socat[622] W waitpid(-1, {}, WNOHANG): no (more) child has exited
2026/03/26 02:26:44 socat[622] W waitpid(-1, {}, WNOHANG): no (more) child has exited
2026/03/26 02:58:44 socat[622] W waitpid(-1, {}, WNOHANG): no (more) child has exited
2026/03/26 03:01:44 socat[622] W waitpid(-1, {}, WNOHANG): no (more) child has exited
2026/03/26 03:36:45 socat[622] W waitpid(-1, {}, WNOHANG): no (more) child has exited
2026/03/26 05:21:45 socat[622] W waitpid(-1, {}, WNOHANG): no (more) child has exited
2026/03/26 07:03:44 socat[622] W waitpid(-1, {}, WNOHANG): no (more) child has exited
2026/03/26 09:58:44 socat[622] W waitpid(-1, {}, WNOHANG): no (more) child has exited
2026/03/26 11:08:44 socat[622] W waitpid(-1, {}, WNOHANG): no (more) child has exited
2026/03/26 11:46:46 socat[622] W waitpid(-1, {}, WNOHANG): no (more) child has exited
2026/03/26 12:18:44 socat[622] W waitpid(-1, {}, WNOHANG): no (more) child has exited
2026/03/26 14:38:44 socat[622] W waitpid(-1, {}, WNOHANG): no (more) child has exited
2026/03/26 16:23:44 socat[622] W waitpid(-1, {}, WNOHANG): no (more) child has exited
2026/03/26 16:58:44 socat[622] W waitpid(-1, {}, WNOHANG): no (more) child has exited
2026/03/26 17:33:44 socat[622] W waitpid(-1, {}, WNOHANG): no (more) child has exited
2026/03/26 19:21:47 socat[622] W waitpid(-1, {}, WNOHANG): no (more) child has exited
2026/03/26 19:56:47 socat[622] W waitpid(-1, {}, WNOHANG): no (more) child has exited
2026/03/26 20:28:44 socat[622] W waitpid(-1, {}, WNOHANG): no (more) child has exited
2026/03/26 21:06:47 socat[622] W waitpid(-1, {}, WNOHANG): no (more) child has exited
2026/03/26 21:49:03 socat[622] W waitpid(-1, {}, WNOHANG): no (more) child has exited
2026/03/26 21:49:17 socat[622] W waitpid(-1, {}, WNOHANG): no (more) child has exited
2026/04/11 11:07:43 socat[622] W waitpid(-1, {}, WNOHANG): no (more) child has exited
2026/04/11 16:14:38 socat[622] W waitpid(-1, {}, WNOHANG): no (more) child has exited
2026/04/11 16:16:06 socat[622] W waitpid(-1, {}, WNOHANG): no (more) child has exited
2026/04/11 16:16:21 socat[622] W waitpid(-1, {}, WNOHANG): no (more) child has exited
2026/04/11 16:19:58 socat[622] W waitpid(-1, {}, WNOHANG): no (more) child has exited
2026/04/11 16:20:17 socat[622] W waitpid(-1, {}, WNOHANG): no (more) child has exited
2026/04/11 16:21:32 socat[622] W waitpid(-1, {}, WNOHANG): no (more) child has exited
2026/04/11 16:22:22 socat[622] W waitpid(-1, {}, WNOHANG): no (more) child has exited
2026/04/11 16:26:02 socat[622] W exiting on signal 15
2026/04/11 16:26:24 socat[96268] W connect(5, LEN=16 AF=2 127.0.0.1:3100, 16): Connection refused
2026/04/11 16:26:25 socat[96273] W connect(5, LEN=16 AF=2 127.0.0.1:3100, 16): Connection refused
2026/04/11 16:26:25 socat[96273] E TCP:127.0.0.1:3100: Connection refused
2026/04/11 16:26:25 socat[96268] E TCP:127.0.0.1:3100: Connection refused
2026/04/11 16:34:13 socat[95934] W waitpid(-1, {}, WNOHANG): no (more) child has exited
2026/04/11 16:34:45 socat[95934] W waitpid(-1, {}, WNOHANG): no (more) child has exited
2026/04/11 16:35:36 socat[95934] W waitpid(-1, {}, WNOHANG): no (more) child has exited
2026/04/11 16:35:36 socat[95934] W waitpid(-1, {}, WNOHANG): no (more) child has exited
2026/04/11 16:37:57 socat[95934] W waitpid(-1, {}, WNOHANG): no (more) child has exited
2026/04/11 16:39:27 socat[95934] W waitpid(-1, {}, WNOHANG): no (more) child has exited
2026/04/11 16:41:21 socat[95934] W waitpid(-1, {}, WNOHANG): no (more) child has exited
2026/04/11 16:41:29 socat[95934] W waitpid(-1, {}, WNOHANG): no (more) child has exited
2026/04/11 16:41:47 socat[95934] W waitpid(-1, {}, WNOHANG): no (more) child has exited
2026/04/11 16:42:38 socat[95934] W waitpid(-1, {}, WNOHANG): no (more) child has exited
2026/04/11 16:42:45 socat[95934] W waitpid(-1, {}, WNOHANG): no (more) child has exited
2026/04/11 16:43:12 socat[95934] W waitpid(-1, {}, WNOHANG): no (more) child has exited
2026/04/11 16:46:45 socat[95934] W waitpid(-1, {}, WNOHANG): no (more) child has exited
2026/04/11 16:48:42 socat[95934] W waitpid(-1, {}, WNOHANG): no (more) child has exited
2026/04/11 16:51:28 socat[95934] W waitpid(-1, {}, WNOHANG): no (more) child has exited
2026/04/11 16:51:41 socat[95934] W waitpid(-1, {}, WNOHANG): no (more) child has exited
2026/04/11 16:52:11 socat[95934] W waitpid(-1, {}, WNOHANG): no (more) child has exited
2026/04/11 16:52:43 socat[95934] W waitpid(-1, {}, WNOHANG): no (more) child has exited
2026/04/11 16:58:34 socat[95934] W waitpid(-1, {}, WNOHANG): no (more) child has exited
2026/04/11 16:59:18 socat[95934] W waitpid(-1, {}, WNOHANG): no (more) child has exited
2026/04/11 16:59:27 socat[95934] W waitpid(-1, {}, WNOHANG): no (more) child has exited
2026/04/11 17:04:26 socat[95934] W waitpid(-1, {}, WNOHANG): no (more) child has exited
2026/04/11 17:05:10 socat[95934] W waitpid(-1, {}, WNOHANG): no (more) child has exited
2026/04/11 17:05:10 socat[95934] W waitpid(-1, {}, WNOHANG): no (more) child has exited
2026/04/11 17:06:26 socat[95934] W waitpid(-1, {}, WNOHANG): no (more) child has exited
2026/04/11 17:12:35 socat[95934] W waitpid(-1, {}, WNOHANG): no (more) child has exited
2026/04/11 17:13:20 socat[95934] W waitpid(-1, {}, WNOHANG): no (more) child has exited
2026/04/11 17:14:54 socat[95934] W waitpid(-1, {}, WNOHANG): no (more) child has exited
2026/04/11 17:16:42 socat[95934] W waitpid(-1, {}, WNOHANG): no (more) child has exited
2026/04/11 17:19:05 socat[95934] W waitpid(-1, {}, WNOHANG): no (more) child has exited
2026/04/11 17:19:24 socat[95934] W waitpid(-1, {}, WNOHANG): no (more) child has exited
2026/04/11 17:20:34 socat[95934] W waitpid(-1, {}, WNOHANG): no (more) child has exited
2026/04/11 17:22:01 socat[95934] W waitpid(-1, {}, WNOHANG): no (more) child has exited
2026/04/11 17:22:16 socat[95934] W waitpid(-1, {}, WNOHANG): no (more) child has exited
2026/04/11 17:22:58 socat[95934] W waitpid(-1, {}, WNOHANG): no (more) child has exited
2026/04/11 17:25:20 socat[95934] W waitpid(-1, {}, WNOHANG): no (more) child has exited
2026/04/11 17:29:50 socat[95934] W waitpid(-1, {}, WNOHANG): no (more) child has exited
2026/04/11 17:35:51 socat[95934] W waitpid(-1, {}, WNOHANG): no (more) child has exited
2026/04/11 17:41:32 socat[95934] W waitpid(-1, {}, WNOHANG): no (more) child has exited
2026/04/11 17:44:30 socat[95934] W waitpid(-1, {}, WNOHANG): no (more) child has exited
2026/04/11 17:45:58 socat[95934] W waitpid(-1, {}, WNOHANG): no (more) child has exited
2026/04/11 17:48:35 socat[95934] W waitpid(-1, {}, WNOHANG): no (more) child has exited
2026/04/11 17:51:46 socat[95934] W waitpid(-1, {}, WNOHANG): no (more) child has exited
2026/04/11 17:52:31 socat[95934] W waitpid(-1, {}, WNOHANG): no (more) child has exited
2026/04/11 17:55:45 socat[95934] W waitpid(-1, {}, WNOHANG): no (more) child has exited
2026/04/11 17:56:45 socat[95934] W waitpid(-1, {}, WNOHANG): no (more) child has exited
2026/04/11 17:59:38 socat[95934] W waitpid(-1, {}, WNOHANG): no (more) child has exited
2026/04/11 17:59:52 socat[95934] W waitpid(-1, {}, WNOHANG): no (more) child has exited
2026/04/11 18:02:24 socat[95934] W waitpid(-1, {}, WNOHANG): no (more) child has exited
2026/04/11 18:02:27 socat[95934] W waitpid(-1, {}, WNOHANG): no (more) child has exited
2026/04/11 18:05:22 socat[95934] W waitpid(-1, {}, WNOHANG): no (more) child has exited
2026/04/11 18:05:35 socat[95934] W waitpid(-1, {}, WNOHANG): no (more) child has exited
2026/04/11 18:08:43 socat[95934] W waitpid(-1, {}, WNOHANG): no (more) child has exited
2026/04/11 18:09:32 socat[95934] W waitpid(-1, {}, WNOHANG): no (more) child has exited
2026/04/11 18:14:21 socat[95934] W waitpid(-1, {}, WNOHANG): no (more) child has exited
2026/04/11 18:23:06 socat[95934] W waitpid(-1, {}, WNOHANG): no (more) child has exited
2026/04/11 18:39:23 socat[95934] W waitpid(-1, {}, WNOHANG): no (more) child has exited
2026/04/11 18:43:34 socat[95934] W waitpid(-1, {}, WNOHANG): no (more) child has exited
2026/04/11 18:55:14 socat[95934] W waitpid(-1, {}, WNOHANG): no (more) child has exited
2026/04/11 18:58:46 socat[95934] W waitpid(-1, {}, WNOHANG): no (more) child has exited
2026/04/11 19:00:01 socat[95934] W waitpid(-1, {}, WNOHANG): no (more) child has exited
2026/04/11 19:04:39 socat[95934] W waitpid(-1, {}, WNOHANG): no (more) child has exited
2026/04/11 19:04:39 socat[95934] W waitpid(-1, {}, WNOHANG): no (more) child has exited
2026/04/11 19:08:46 socat[95934] W waitpid(-1, {}, WNOHANG): no (more) child has exited
2026/04/11 19:09:07 socat[95934] W waitpid(-1, {}, WNOHANG): no (more) child has exited
2026/04/11 19:12:46 socat[95934] W waitpid(-1, {}, WNOHANG): no (more) child has exited
2026/04/11 19:29:46 socat[95934] W waitpid(-1, {}, WNOHANG): no (more) child has exited
2026/04/11 19:34:19 socat[95934] W waitpid(-1, {}, WNOHANG): no (more) child has exited
2026/04/11 19:50:32 socat[95934] W waitpid(-1, {}, WNOHANG): no (more) child has exited
2026/04/11 20:01:45 socat[95934] W waitpid(-1, {}, WNOHANG): no (more) child has exited
2026/04/11 20:07:05 socat[95934] W waitpid(-1, {}, WNOHANG): no (more) child has exited
2026/04/11 20:10:12 socat[95934] W waitpid(-1, {}, WNOHANG): no (more) child has exited
2026/04/11 20:26:17 socat[95934] W waitpid(-1, {}, WNOHANG): no (more) child has exited
2026/04/11 20:30:35 socat[95934] W waitpid(-1, {}, WNOHANG): no (more) child has exited
2026/04/11 20:34:46 socat[95934] W waitpid(-1, {}, WNOHANG): no (more) child has exited
2026/04/11 20:35:40 socat[95934] W waitpid(-1, {}, WNOHANG): no (more) child has exited
2026/04/11 20:39:15 socat[95934] W waitpid(-1, {}, WNOHANG): no (more) child has exited
2026/04/11 20:46:46 socat[95934] W waitpid(-1, {}, WNOHANG): no (more) child has exited
2026/04/11 20:52:25 socat[95934] W waitpid(-1, {}, WNOHANG): no (more) child has exited
2026/04/11 20:52:59 socat[95934] W waitpid(-1, {}, WNOHANG): no (more) child has exited
2026/04/11 20:56:46 socat[95934] W waitpid(-1, {}, WNOHANG): no (more) child has exited
2026/04/11 21:04:46 socat[95934] W waitpid(-1, {}, WNOHANG): no (more) child has exited
2026/04/11 21:05:33 socat[95934] W waitpid(-1, {}, WNOHANG): no (more) child has exited
2026/04/11 21:17:14 socat[95934] W waitpid(-1, {}, WNOHANG): no (more) child has exited
2026/04/11 21:21:27 socat[95934] W waitpid(-1, {}, WNOHANG): no (more) child has exited
2026/04/11 21:25:21 socat[95934] W waitpid(-1, {}, WNOHANG): no (more) child has exited
2026/04/11 21:33:37 socat[95934] W waitpid(-1, {}, WNOHANG): no (more) child has exited
2026/04/11 21:40:46 socat[95934] W waitpid(-1, {}, WNOHANG): no (more) child has exited
2026/04/11 21:41:26 socat[95934] W waitpid(-1, {}, WNOHANG): no (more) child has exited
2026/04/11 21:41:26 socat[95934] W waitpid(-1, {}, WNOHANG): no (more) child has exited
2026/04/11 22:05:20 socat[95934] W waitpid(-1, {}, WNOHANG): no (more) child has exited
2026/04/11 22:16:46 socat[95934] W waitpid(-1, {}, WNOHANG): no (more) child has exited
2026/04/11 22:17:27 socat[95934] W waitpid(-1, {}, WNOHANG): no (more) child has exited
2026/04/11 22:17:32 socat[95934] W waitpid(-1, {}, WNOHANG): no (more) child has exited
2026/04/11 22:21:32 socat[95934] W waitpid(-1, {}, WNOHANG): no (more) child has exited
2026/04/11 22:26:17 socat[95934] W waitpid(-1, {}, WNOHANG): no (more) child has exited
2026/04/11 22:29:46 socat[95934] W waitpid(-1, {}, WNOHANG): no (more) child has exited
2026/04/11 22:30:34 socat[95934] W waitpid(-1, {}, WNOHANG): no (more) child has exited
2026/04/11 22:33:57 socat[95934] W waitpid(-1, {}, WNOHANG): no (more) child has exited
2026/04/11 22:38:39 socat[95934] W waitpid(-1, {}, WNOHANG): no (more) child has exited
2026/04/11 22:39:31 socat[95934] W waitpid(-1, {}, WNOHANG): no (more) child has exited
2026/04/11 22:39:31 socat[95934] W waitpid(-1, {}, WNOHANG): no (more) child has exited
2026/04/11 22:40:53 socat[97952] W connect(5, LEN=16 AF=2 127.0.0.1:3100, 16): Connection refused
2026/04/11 22:40:53 socat[97952] E TCP:127.0.0.1:3100: Connection refused
2026/04/11 22:42:07 socat[95934] W waitpid(-1, {}, WNOHANG): no (more) child has exited
2026/04/11 22:51:14 socat[95934] W waitpid(-1, {}, WNOHANG): no (more) child has exited
2026/04/11 22:55:02 socat[95934] W waitpid(-1, {}, WNOHANG): no (more) child has exited
2026/04/11 22:55:19 socat[95934] W waitpid(-1, {}, WNOHANG): no (more) child has exited
2026/04/11 22:55:20 socat[1558] W connect(5, LEN=16 AF=2 127.0.0.1:3100, 16): Connection refused
2026/04/11 22:55:20 socat[1558] E TCP:127.0.0.1:3100: Connection refused
2026/04/11 22:55:39 socat[1590] W connect(5, LEN=16 AF=2 127.0.0.1:3100, 16): Connection refused
2026/04/11 22:55:39 socat[1590] E TCP:127.0.0.1:3100: Connection refused
2026/04/11 23:05:39 socat[95934] W waitpid(-1, {}, WNOHANG): no (more) child has exited
2026/04/11 23:10:48 socat[95934] W waitpid(-1, {}, WNOHANG): no (more) child has exited
2026/04/11 23:23:42 socat[95934] W waitpid(-1, {}, WNOHANG): no (more) child has exited
2026/04/11 23:35:48 socat[95934] W waitpid(-1, {}, WNOHANG): no (more) child has exited
2026/04/11 23:45:41 socat[95934] W waitpid(-1, {}, WNOHANG): no (more) child has exited
2026/04/11 23:49:17 socat[95934] W waitpid(-1, {}, WNOHANG): no (more) child has exited
2026/04/11 23:57:33 socat[95934] W waitpid(-1, {}, WNOHANG): no (more) child has exited
2026/04/12 00:06:47 socat[95934] W waitpid(-1, {}, WNOHANG): no (more) child has exited
2026/04/12 00:10:35 socat[95934] W waitpid(-1, {}, WNOHANG): no (more) child has exited
2026/04/12 00:26:48 socat[95934] W waitpid(-1, {}, WNOHANG): no (more) child has exited
2026/04/12 00:38:48 socat[95934] W waitpid(-1, {}, WNOHANG): no (more) child has exited
2026/04/12 00:47:48 socat[95934] W waitpid(-1, {}, WNOHANG): no (more) child has exited
2026/04/12 00:54:48 socat[95934] W waitpid(-1, {}, WNOHANG): no (more) child has exited
2026/04/12 00:55:22 socat[95934] W waitpid(-1, {}, WNOHANG): no (more) child has exited
2026/04/12 00:59:30 socat[95934] W waitpid(-1, {}, WNOHANG): no (more) child has exited
2026/04/12 01:02:44 socat[17274] W connect(5, LEN=16 AF=2 127.0.0.1:3100, 16): Connection refused
2026/04/12 01:02:44 socat[17274] E TCP:127.0.0.1:3100: Connection refused
2026/04/12 01:07:19 socat[95934] W waitpid(-1, {}, WNOHANG): no (more) child has exited
2026/04/12 01:11:44 socat[95934] W waitpid(-1, {}, WNOHANG): no (more) child has exited
2026/04/12 01:11:59 socat[95934] W waitpid(-1, {}, WNOHANG): no (more) child has exited
2026/04/12 01:13:35 socat[19710] W connect(5, LEN=16 AF=2 127.0.0.1:3100, 16): Connection refused
2026/04/12 01:13:35 socat[19710] E TCP:127.0.0.1:3100: Connection refused
2026/04/12 01:14:24 socat[95934] W waitpid(-1, {}, WNOHANG): no (more) child has exited
2026/04/12 01:15:34 socat[95934] W waitpid(-1, {}, WNOHANG): no (more) child has exited
2026/04/12 01:16:40 socat[95934] W waitpid(-1, {}, WNOHANG): no (more) child has exited
2026/04/12 01:19:42 socat[95934] W waitpid(-1, {}, WNOHANG): no (more) child has exited
2026/04/12 01:27:42 socat[95934] W waitpid(-1, {}, WNOHANG): no (more) child has exited
2026/04/12 01:31:43 socat[95934] W waitpid(-1, {}, WNOHANG): no (more) child has exited
2026/04/12 01:32:24 socat[95934] W waitpid(-1, {}, WNOHANG): no (more) child has exited
2026/04/12 01:51:43 socat[95934] W waitpid(-1, {}, WNOHANG): no (more) child has exited
2026/04/12 01:56:17 socat[95934] W waitpid(-1, {}, WNOHANG): no (more) child has exited
2026/04/12 02:03:42 socat[95934] W waitpid(-1, {}, WNOHANG): no (more) child has exited
2026/04/12 02:04:41 socat[95934] W waitpid(-1, {}, WNOHANG): no (more) child has exited
2026/04/12 02:04:41 socat[95934] W waitpid(-1, {}, WNOHANG): no (more) child has exited
2026/04/12 02:05:33 socat[95934] W waitpid(-1, {}, WNOHANG): no (more) child has exited
2026/04/12 02:05:46 socat[95934] W waitpid(-1, {}, WNOHANG): no (more) child has exited
2026/04/12 02:06:53 socat[95934] W waitpid(-1, {}, WNOHANG): no (more) child has exited
2026/04/12 02:07:59 socat[95934] W waitpid(-1, {}, WNOHANG): no (more) child has exited
2026/04/12 02:08:05 socat[95934] W waitpid(-1, {}, WNOHANG): no (more) child has exited
2026/04/12 02:08:17 socat[95934] W waitpid(-1, {}, WNOHANG): no (more) child has exited
2026/04/12 02:13:54 socat[29018] W connect(5, LEN=16 AF=2 127.0.0.1:3100, 16): Connection refused
2026/04/12 02:13:54 socat[29018] E TCP:127.0.0.1:3100: Connection refused
2026/04/12 02:15:24 socat[29123] W connect(5, LEN=16 AF=2 127.0.0.1:3100, 16): Connection refused
2026/04/12 02:15:24 socat[29123] E TCP:127.0.0.1:3100: Connection refused
2026/04/12 02:16:49 socat[29512] W connect(5, LEN=16 AF=2 127.0.0.1:3100, 16): Connection refused
2026/04/12 02:16:49 socat[29512] E TCP:127.0.0.1:3100: Connection refused
2026/04/12 02:21:57 socat[95934] W waitpid(-1, {}, WNOHANG): no (more) child has exited
2026/04/12 02:26:33 socat[95934] W waitpid(-1, {}, WNOHANG): no (more) child has exited
2026/04/12 02:35:01 socat[95934] W waitpid(-1, {}, WNOHANG): no (more) child has exited
2026/04/12 02:38:56 socat[95934] W waitpid(-1, {}, WNOHANG): no (more) child has exited
2026/04/12 03:05:57 socat[95934] W waitpid(-1, {}, WNOHANG): no (more) child has exited
2026/04/12 03:06:42 socat[95934] W waitpid(-1, {}, WNOHANG): no (more) child has exited
2026/04/12 03:09:57 socat[95934] W waitpid(-1, {}, WNOHANG): no (more) child has exited
2026/04/12 03:17:57 socat[95934] W waitpid(-1, {}, WNOHANG): no (more) child has exited
2026/04/12 03:21:57 socat[95934] W waitpid(-1, {}, WNOHANG): no (more) child has exited
2026/04/12 03:22:45 socat[95934] W waitpid(-1, {}, WNOHANG): no (more) child has exited
2026/04/12 03:35:02 socat[95934] W waitpid(-1, {}, WNOHANG): no (more) child has exited
2026/04/12 03:43:57 socat[95934] W waitpid(-1, {}, WNOHANG): no (more) child has exited
2026/04/12 04:05:19 socat[95934] W waitpid(-1, {}, WNOHANG): no (more) child has exited
2026/04/12 04:09:41 socat[95934] W waitpid(-1, {}, WNOHANG): no (more) child has exited
2026/04/12 04:12:57 socat[95934] W waitpid(-1, {}, WNOHANG): no (more) child has exited
2026/04/12 04:28:57 socat[95934] W waitpid(-1, {}, WNOHANG): no (more) child has exited
2026/04/12 04:29:35 socat[95934] W waitpid(-1, {}, WNOHANG): no (more) child has exited
2026/04/12 04:38:37 socat[95934] W waitpid(-1, {}, WNOHANG): no (more) child has exited
2026/04/12 04:43:22 socat[95934] W waitpid(-1, {}, WNOHANG): no (more) child has exited
2026/04/12 04:46:57 socat[95934] W waitpid(-1, {}, WNOHANG): no (more) child has exited
2026/04/12 04:47:38 socat[95934] W waitpid(-1, {}, WNOHANG): no (more) child has exited
2026/04/12 04:47:51 socat[95934] W waitpid(-1, {}, WNOHANG): no (more) child has exited
2026/04/12 04:51:47 socat[95934] W waitpid(-1, {}, WNOHANG): no (more) child has exited
2026/04/12 04:55:41 socat[95934] W waitpid(-1, {}, WNOHANG): no (more) child has exited
2026/04/12 05:02:57 socat[95934] W waitpid(-1, {}, WNOHANG): no (more) child has exited
2026/04/12 05:03:58 socat[95934] W waitpid(-1, {}, WNOHANG): no (more) child has exited
2026/04/12 05:07:57 socat[95934] W waitpid(-1, {}, WNOHANG): no (more) child has exited
2026/04/12 05:20:46 socat[95934] W waitpid(-1, {}, WNOHANG): no (more) child has exited
2026/04/12 05:24:31 socat[95934] W waitpid(-1, {}, WNOHANG): no (more) child has exited
2026/04/12 05:32:40 socat[95934] W waitpid(-1, {}, WNOHANG): no (more) child has exited
2026/04/12 05:33:20 socat[95934] W waitpid(-1, {}, WNOHANG): no (more) child has exited
2026/04/12 05:33:20 socat[95934] W waitpid(-1, {}, WNOHANG): no (more) child has exited
2026/04/12 05:41:42 socat[95934] W waitpid(-1, {}, WNOHANG): no (more) child has exited
2026/04/12 05:50:34 socat[95934] W waitpid(-1, {}, WNOHANG): no (more) child has exited
2026/04/12 06:02:39 socat[95934] W waitpid(-1, {}, WNOHANG): no (more) child has exited
2026/04/12 06:13:57 socat[95934] W waitpid(-1, {}, WNOHANG): no (more) child has exited
2026/04/12 06:14:28 socat[95934] W waitpid(-1, {}, WNOHANG): no (more) child has exited
2026/04/12 06:22:46 socat[95934] W waitpid(-1, {}, WNOHANG): no (more) child has exited
2026/04/12 06:22:50 socat[95934] W waitpid(-1, {}, WNOHANG): no (more) child has exited
2026/04/12 06:25:57 socat[95934] W waitpid(-1, {}, WNOHANG): no (more) child has exited
2026/04/12 06:26:28 socat[95934] W waitpid(-1, {}, WNOHANG): no (more) child has exited
2026/04/12 06:29:57 socat[95934] W waitpid(-1, {}, WNOHANG): no (more) child has exited
2026/04/12 06:31:29 socat[95934] W waitpid(-1, {}, WNOHANG): no (more) child has exited
2026/04/12 06:31:38 socat[95934] W waitpid(-1, {}, WNOHANG): no (more) child has exited
2026/04/12 06:38:57 socat[95934] W waitpid(-1, {}, WNOHANG): no (more) child has exited
2026/04/12 06:59:57 socat[95934] W waitpid(-1, {}, WNOHANG): no (more) child has exited
2026/04/12 07:03:57 socat[95934] W waitpid(-1, {}, WNOHANG): no (more) child has exited
2026/04/12 07:07:57 socat[95934] W waitpid(-1, {}, WNOHANG): no (more) child has exited
2026/04/12 07:08:38 socat[95934] W waitpid(-1, {}, WNOHANG): no (more) child has exited
2026/04/12 07:25:48 socat[95934] W waitpid(-1, {}, WNOHANG): no (more) child has exited
2026/04/12 07:28:57 socat[95934] W waitpid(-1, {}, WNOHANG): no (more) child has exited
2026/04/12 07:49:41 socat[95934] W waitpid(-1, {}, WNOHANG): no (more) child has exited
2026/04/12 07:57:39 socat[95934] W waitpid(-1, {}, WNOHANG): no (more) child has exited
2026/04/12 08:01:37 socat[95934] W waitpid(-1, {}, WNOHANG): no (more) child has exited
2026/04/12 08:21:23 socat[95934] W waitpid(-1, {}, WNOHANG): no (more) child has exited
2026/04/12 08:29:52 socat[95934] W waitpid(-1, {}, WNOHANG): no (more) child has exited
2026/04/12 08:33:58 socat[95934] W waitpid(-1, {}, WNOHANG): no (more) child has exited
2026/04/12 08:38:46 socat[95934] W waitpid(-1, {}, WNOHANG): no (more) child has exited
2026/04/12 08:42:43 socat[95934] W waitpid(-1, {}, WNOHANG): no (more) child has exited
2026/04/12 08:50:39 socat[95934] W waitpid(-1, {}, WNOHANG): no (more) child has exited
2026/04/12 08:57:58 socat[95934] W waitpid(-1, {}, WNOHANG): no (more) child has exited
2026/04/12 09:01:57 socat[95934] W waitpid(-1, {}, WNOHANG): no (more) child has exited
2026/04/12 09:09:57 socat[95934] W waitpid(-1, {}, WNOHANG): no (more) child has exited
2026/04/12 09:14:44 socat[95934] W waitpid(-1, {}, WNOHANG): no (more) child has exited
2026/04/12 09:17:57 socat[95934] W waitpid(-1, {}, WNOHANG): no (more) child has exited
2026/04/12 09:22:41 socat[95934] W waitpid(-1, {}, WNOHANG): no (more) child has exited
2026/04/12 09:26:31 socat[95934] W waitpid(-1, {}, WNOHANG): no (more) child has exited
2026/04/12 09:37:57 socat[95934] W waitpid(-1, {}, WNOHANG): no (more) child has exited
2026/04/12 09:43:45 socat[95934] W waitpid(-1, {}, WNOHANG): no (more) child has exited
2026/04/12 09:48:02 socat[95934] W waitpid(-1, {}, WNOHANG): no (more) child has exited
2026/04/12 10:13:28 socat[95934] W waitpid(-1, {}, WNOHANG): no (more) child has exited
2026/04/12 10:13:34 socat[95934] W waitpid(-1, {}, WNOHANG): no (more) child has exited
2026/04/12 10:16:58 socat[95934] W waitpid(-1, {}, WNOHANG): no (more) child has exited
2026/04/12 10:21:26 socat[95934] W waitpid(-1, {}, WNOHANG): no (more) child has exited
2026/04/12 10:21:30 socat[95934] W waitpid(-1, {}, WNOHANG): no (more) child has exited
2026/04/12 10:25:52 socat[95934] W waitpid(-1, {}, WNOHANG): no (more) child has exited
2026/04/12 10:36:16 socat[95934] W waitpid(-1, {}, WNOHANG): no (more) child has exited
2026/04/12 10:44:13 socat[95934] W waitpid(-1, {}, WNOHANG): no (more) child has exited
2026/04/12 10:44:28 socat[95934] W waitpid(-1, {}, WNOHANG): no (more) child has exited
2026/04/12 10:53:28 socat[95934] W waitpid(-1, {}, WNOHANG): no (more) child has exited
2026/04/12 10:58:23 socat[95934] W waitpid(-1, {}, WNOHANG): no (more) child has exited
2026/04/12 11:07:10 socat[95934] W waitpid(-1, {}, WNOHANG): no (more) child has exited
2026/04/12 11:23:52 socat[95934] W waitpid(-1, {}, WNOHANG): no (more) child has exited
2026/04/12 11:24:11 socat[95934] W waitpid(-1, {}, WNOHANG): no (more) child has exited
2026/04/12 11:31:59 socat[95934] W waitpid(-1, {}, WNOHANG): no (more) child has exited
2026/04/12 12:02:44 socat[95934] W waitpid(-1, {}, WNOHANG): no (more) child has exited
2026/04/12 12:18:34 socat[95934] W waitpid(-1, {}, WNOHANG): no (more) child has exited
2026/04/12 12:19:50 socat[95934] W waitpid(-1, {}, WNOHANG): no (more) child has exited
2026/04/12 12:25:08 socat[1835] W connect(5, LEN=16 AF=2 127.0.0.1:3100, 16): Connection refused
2026/04/12 12:25:08 socat[1835] E TCP:127.0.0.1:3100: Connection refused
2026/04/12 12:27:17 socat[95934] W waitpid(-1, {}, WNOHANG): no (more) child has exited
2026/04/12 12:28:26 socat[95934] W waitpid(-1, {}, WNOHANG): no (more) child has exited
2026/04/12 12:29:03 socat[95934] W waitpid(-1, {}, WNOHANG): no (more) child has exited
2026/04/12 12:29:15 socat[95934] W waitpid(-1, {}, WNOHANG): no (more) child has exited
2026/04/12 12:29:58 socat[95934] W waitpid(-1, {}, WNOHANG): no (more) child has exited
2026/04/12 12:32:38 socat[95934] W waitpid(-1, {}, WNOHANG): no (more) child has exited
2026/04/12 12:32:47 socat[95934] W waitpid(-1, {}, WNOHANG): no (more) child has exited
2026/04/12 12:33:20 socat[95934] W waitpid(-1, {}, WNOHANG): no (more) child has exited
2026/04/12 12:35:22 socat[95934] W waitpid(-1, {}, WNOHANG): no (more) child has exited
2026/04/12 12:39:26 socat[95934] W waitpid(-1, {}, WNOHANG): no (more) child has exited
2026/04/12 12:39:35 socat[95934] W waitpid(-1, {}, WNOHANG): no (more) child has exited
2026/04/12 12:40:33 socat[5958] W connect(5, LEN=16 AF=2 127.0.0.1:3100, 16): Connection refused
2026/04/12 12:40:33 socat[5958] E TCP:127.0.0.1:3100: Connection refused
2026/04/12 12:41:05 socat[95934] W waitpid(-1, {}, WNOHANG): no (more) child has exited
2026/04/12 12:41:14 socat[95934] W waitpid(-1, {}, WNOHANG): no (more) child has exited
2026/04/12 12:41:44 socat[95934] W waitpid(-1, {}, WNOHANG): no (more) child has exited
2026/04/12 12:42:33 socat[6562] W connect(5, LEN=16 AF=2 127.0.0.1:3100, 16): Connection refused
2026/04/12 12:42:33 socat[6562] E TCP:127.0.0.1:3100: Connection refused
2026/04/12 12:43:12 socat[6640] W connect(5, LEN=16 AF=2 127.0.0.1:3100, 16): Connection refused
2026/04/12 12:43:12 socat[6640] E TCP:127.0.0.1:3100: Connection refused
2026/04/12 12:44:03 socat[95934] W waitpid(-1, {}, WNOHANG): no (more) child has exited
2026/04/12 12:46:46 socat[95934] W waitpid(-1, {}, WNOHANG): no (more) child has exited
2026/04/12 12:51:02 socat[95934] W waitpid(-1, {}, WNOHANG): no (more) child has exited
2026/04/12 12:53:25 socat[95934] W waitpid(-1, {}, WNOHANG): no (more) child has exited
2026/04/12 12:53:53 socat[95934] W waitpid(-1, {}, WNOHANG): no (more) child has exited
2026/04/12 12:54:08 socat[95934] W waitpid(-1, {}, WNOHANG): no (more) child has exited
2026/04/12 12:54:22 socat[95934] W waitpid(-1, {}, WNOHANG): no (more) child has exited
2026/04/12 12:54:37 socat[95934] W waitpid(-1, {}, WNOHANG): no (more) child has exited
2026/04/12 13:01:57 socat[95934] W waitpid(-1, {}, WNOHANG): no (more) child has exited
2026/04/12 13:02:09 socat[95934] W waitpid(-1, {}, WNOHANG): no (more) child has exited
2026/04/12 13:08:04 socat[95934] W waitpid(-1, {}, WNOHANG): no (more) child has exited
2026/04/12 13:08:33 socat[95934] W waitpid(-1, {}, WNOHANG): no (more) child has exited
2026/04/12 13:10:38 socat[95934] W waitpid(-1, {}, WNOHANG): no (more) child has exited
2026/04/12 13:14:38 socat[95934] W waitpid(-1, {}, WNOHANG): no (more) child has exited
2026/04/12 13:14:38 socat[95934] W waitpid(-1, {}, WNOHANG): no (more) child has exited
2026/04/12 19:10:13 socat[95934] W waitpid(-1, {}, WNOHANG): no (more) child has exited
2026/04/12 19:14:24 socat[95934] W waitpid(-1, {}, WNOHANG): no (more) child has exited
2026/04/12 19:16:04 socat[28624] W connect(5, LEN=16 AF=2 127.0.0.1:3100, 16): Connection refused
2026/04/12 19:16:04 socat[28624] E TCP:127.0.0.1:3100: Connection refused
2026/04/12 19:25:05 socat[95934] W waitpid(-1, {}, WNOHANG): no (more) child has exited
2026/04/12 19:25:35 socat[95934] W waitpid(-1, {}, WNOHANG): no (more) child has exited
2026/04/12 19:27:11 socat[95934] W waitpid(-1, {}, WNOHANG): no (more) child has exited
2026/04/12 19:29:42 socat[95934] W waitpid(-1, {}, WNOHANG): no (more) child has exited
2026/04/12 19:30:30 socat[95934] W waitpid(-1, {}, WNOHANG): no (more) child has exited
2026/04/12 19:30:41 socat[95934] W waitpid(-1, {}, WNOHANG): no (more) child has exited
2026/04/12 19:35:11 socat[95934] W waitpid(-1, {}, WNOHANG): no (more) child has exited
2026/04/12 19:36:38 socat[95934] W waitpid(-1, {}, WNOHANG): no (more) child has exited
2026/04/12 19:40:09 socat[95934] W waitpid(-1, {}, WNOHANG): no (more) child has exited
2026/04/12 19:40:09 socat[95934] W waitpid(-1, {}, WNOHANG): no (more) child has exited
2026/04/12 19:42:23 socat[34160] W connect(5, LEN=16 AF=2 127.0.0.1:3100, 16): Connection refused
2026/04/12 19:42:23 socat[34160] E TCP:127.0.0.1:3100: Connection refused
2026/04/12 19:42:26 socat[34165] W connect(5, LEN=16 AF=2 127.0.0.1:3100, 16): Connection refused
2026/04/12 19:42:26 socat[34165] E TCP:127.0.0.1:3100: Connection refused
2026/04/12 19:42:31 socat[34177] W connect(5, LEN=16 AF=2 127.0.0.1:3100, 16): Connection refused
2026/04/12 19:42:31 socat[34177] E TCP:127.0.0.1:3100: Connection refused
2026/04/12 19:44:56 socat[95934] W waitpid(-1, {}, WNOHANG): no (more) child has exited
2026/04/12 19:48:18 socat[95934] W waitpid(-1, {}, WNOHANG): no (more) child has exited
2026/04/12 19:49:33 socat[95934] W waitpid(-1, {}, WNOHANG): no (more) child has exited
2026/04/12 19:52:13 socat[95934] W waitpid(-1, {}, WNOHANG): no (more) child has exited
2026/04/12 19:54:31 socat[36672] W connect(5, LEN=16 AF=2 127.0.0.1:3100, 16): Connection refused
2026/04/12 19:54:31 socat[36672] E TCP:127.0.0.1:3100: Connection refused
2026/04/12 20:01:44 socat[95934] W waitpid(-1, {}, WNOHANG): no (more) child has exited
2026/04/12 20:02:24 socat[95934] W waitpid(-1, {}, WNOHANG): no (more) child has exited
2026/04/12 20:03:20 socat[95934] W waitpid(-1, {}, WNOHANG): no (more) child has exited
2026/04/12 20:04:45 socat[95934] W waitpid(-1, {}, WNOHANG): no (more) child has exited
2026/04/12 20:06:05 socat[95934] W waitpid(-1, {}, WNOHANG): no (more) child has exited
2026/04/12 20:07:36 socat[39295] W connect(5, LEN=16 AF=2 127.0.0.1:3100, 16): Connection refused
2026/04/12 20:07:36 socat[39295] E TCP:127.0.0.1:3100: Connection refused
2026/04/12 20:07:36 socat[39296] W connect(5, LEN=16 AF=2 127.0.0.1:3100, 16): Connection refused
2026/04/12 20:07:36 socat[39296] E TCP:127.0.0.1:3100: Connection refused
2026/04/12 20:07:36 socat[39298] W connect(5, LEN=16 AF=2 127.0.0.1:3100, 16): Connection refused
2026/04/12 20:07:36 socat[39298] E TCP:127.0.0.1:3100: Connection refused
2026/04/12 20:07:36 socat[39299] W connect(5, LEN=16 AF=2 127.0.0.1:3100, 16): Connection refused
2026/04/12 20:07:36 socat[39299] E TCP:127.0.0.1:3100: Connection refused
2026/04/12 20:07:37 socat[39304] W connect(5, LEN=16 AF=2 127.0.0.1:3100, 16): Connection refused
2026/04/12 20:07:37 socat[39304] E TCP:127.0.0.1:3100: Connection refused
2026/04/12 20:07:37 socat[39305] W connect(5, LEN=16 AF=2 127.0.0.1:3100, 16): Connection refused
2026/04/12 20:07:37 socat[39305] E TCP:127.0.0.1:3100: Connection refused
2026/04/12 20:10:09 socat[95934] W waitpid(-1, {}, WNOHANG): no (more) child has exited
2026/04/12 20:11:00 socat[95934] W waitpid(-1, {}, WNOHANG): no (more) child has exited
2026/04/12 20:12:42 socat[95934] W waitpid(-1, {}, WNOHANG): no (more) child has exited
2026/04/12 20:12:43 socat[95934] W waitpid(-1, {}, WNOHANG): no (more) child has exited
2026/04/12 20:13:01 socat[40536] W connect(5, LEN=16 AF=2 127.0.0.1:3100, 16): Connection refused
2026/04/12 20:13:01 socat[40536] E TCP:127.0.0.1:3100: Connection refused
2026/04/12 20:16:43 socat[95934] W waitpid(-1, {}, WNOHANG): no (more) child has exited
2026/04/12 20:19:40 socat[95934] W waitpid(-1, {}, WNOHANG): no (more) child has exited
2026/04/12 20:21:10 socat[95934] W waitpid(-1, {}, WNOHANG): no (more) child has exited
2026/04/12 20:21:10 socat[95934] W waitpid(-1, {}, WNOHANG): no (more) child has exited
2026/04/12 20:55:18 socat[95934] W waitpid(-1, {}, WNOHANG): no (more) child has exited
2026/04/12 21:07:30 socat[95934] W waitpid(-1, {}, WNOHANG): no (more) child has exited
2026/04/12 21:24:37 socat[95934] W waitpid(-1, {}, WNOHANG): no (more) child has exited
2026/04/12 22:04:30 socat[95934] W waitpid(-1, {}, WNOHANG): no (more) child has exited
2026/04/12 22:08:14 socat[95934] W waitpid(-1, {}, WNOHANG): no (more) child has exited
2026/04/12 22:09:33 socat[95934] W waitpid(-1, {}, WNOHANG): no (more) child has exited
2026/04/12 22:13:08 socat[95934] W waitpid(-1, {}, WNOHANG): no (more) child has exited
2026/04/12 22:14:55 socat[95934] W waitpid(-1, {}, WNOHANG): no (more) child has exited
2026/04/12 22:15:51 socat[95934] W waitpid(-1, {}, WNOHANG): no (more) child has exited
2026/04/12 22:17:18 socat[95934] W waitpid(-1, {}, WNOHANG): no (more) child has exited
2026/04/12 22:21:10 socat[95934] W waitpid(-1, {}, WNOHANG): no (more) child has exited
2026/04/12 22:21:31 socat[95934] W waitpid(-1, {}, WNOHANG): no (more) child has exited
2026/04/12 22:25:12 socat[95934] W waitpid(-1, {}, WNOHANG): no (more) child has exited
2026/04/12 22:26:34 socat[95934] W waitpid(-1, {}, WNOHANG): no (more) child has exited
2026/04/12 22:33:05 socat[95934] W waitpid(-1, {}, WNOHANG): no (more) child has exited
2026/04/12 22:34:03 socat[95934] W waitpid(-1, {}, WNOHANG): no (more) child has exited
2026/04/12 22:34:19 socat[95934] W waitpid(-1, {}, WNOHANG): no (more) child has exited
2026/04/12 22:37:04 socat[95934] W waitpid(-1, {}, WNOHANG): no (more) child has exited
2026/04/12 22:37:24 socat[95934] W waitpid(-1, {}, WNOHANG): no (more) child has exited
2026/04/12 22:38:29 socat[95934] W waitpid(-1, {}, WNOHANG): no (more) child has exited
2026/04/12 22:39:14 socat[95934] W waitpid(-1, {}, WNOHANG): no (more) child has exited
2026/04/12 22:39:14 socat[95934] W waitpid(-1, {}, WNOHANG): no (more) child has exited
2026/04/12 22:42:08 socat[95934] W waitpid(-1, {}, WNOHANG): no (more) child has exited
2026/04/12 22:56:23 socat[95934] W waitpid(-1, {}, WNOHANG): no (more) child has exited
2026/04/12 23:15:51 socat[95934] W waitpid(-1, {}, WNOHANG): no (more) child has exited
2026/04/12 23:15:51 socat[95934] W waitpid(-1, {}, WNOHANG): no (more) child has exited
2026/04/12 23:16:51 socat[95934] W waitpid(-1, {}, WNOHANG): no (more) child has exited
2026/04/12 23:17:18 socat[95934] W waitpid(-1, {}, WNOHANG): no (more) child has exited
2026/04/12 23:17:18 socat[95934] W waitpid(-1, {}, WNOHANG): no (more) child has exited
2026/04/12 23:17:28 socat[31036] E read(6, 0x891004000, 8192): Connection reset by peer
2026/04/12 23:17:44 socat[95934] W waitpid(-1, {}, WNOHANG): no (more) child has exited
2026/04/12 23:18:15 socat[95934] W waitpid(-1, {}, WNOHANG): no (more) child has exited
2026/04/12 23:22:23 socat[95934] W waitpid(-1, {}, WNOHANG): no (more) child has exited
2026/04/12 23:23:05 socat[95934] W waitpid(-1, {}, WNOHANG): no (more) child has exited
2026/04/12 23:31:10 socat[95934] W waitpid(-1, {}, WNOHANG): no (more) child has exited
2026/04/12 23:31:18 socat[95934] W waitpid(-1, {}, WNOHANG): no (more) child has exited
2026/04/12 23:33:05 socat[95934] W waitpid(-1, {}, WNOHANG): no (more) child has exited
2026/04/12 23:48:29 socat[95934] W waitpid(-1, {}, WNOHANG): no (more) child has exited
2026/04/12 23:48:29 socat[95934] W waitpid(-1, {}, WNOHANG): no (more) child has exited
2026/04/13 00:26:30 socat[95934] W waitpid(-1, {}, WNOHANG): no (more) child has exited
2026/04/13 01:01:30 socat[95934] W waitpid(-1, {}, WNOHANG): no (more) child has exited
2026/04/13 01:34:45 socat[95934] W waitpid(-1, {}, WNOHANG): no (more) child has exited
2026/04/13 01:34:52 socat[95934] W waitpid(-1, {}, WNOHANG): no (more) child has exited
2026/04/13 01:39:40 socat[95934] W waitpid(-1, {}, WNOHANG): no (more) child has exited
2026/04/13 01:40:56 socat[95934] W waitpid(-1, {}, WNOHANG): no (more) child has exited
2026/04/13 02:07:15 socat[95934] W waitpid(-1, {}, WNOHANG): no (more) child has exited
2026/04/13 02:08:04 socat[95934] W waitpid(-1, {}, WNOHANG): no (more) child has exited
2026/04/13 02:08:11 socat[95934] W waitpid(-1, {}, WNOHANG): no (more) child has exited
2026/04/13 02:08:27 socat[95934] W waitpid(-1, {}, WNOHANG): no (more) child has exited
2026/04/13 02:08:51 socat[95934] W waitpid(-1, {}, WNOHANG): no (more) child has exited
2026/04/13 02:12:19 socat[95934] W waitpid(-1, {}, WNOHANG): no (more) child has exited
2026/04/13 02:12:30 socat[95934] W waitpid(-1, {}, WNOHANG): no (more) child has exited
2026/04/13 02:46:04 socat[95934] W waitpid(-1, {}, WNOHANG): no (more) child has exited
2026/04/13 02:56:28 socat[95934] W waitpid(-1, {}, WNOHANG): no (more) child has exited
2026/04/13 02:56:28 socat[95934] W waitpid(-1, {}, WNOHANG): no (more) child has exited
2026/04/13 02:56:28 socat[95934] W waitpid(-1, {}, WNOHANG): no (more) child has exited
2026/04/13 03:20:05 socat[78419] E read(6, 0x891004000, 8192): Connection reset by peer
2026/04/13 03:20:12 socat[95934] W waitpid(-1, {}, WNOHANG): no (more) child has exited
2026/04/13 03:25:26 socat[95934] W waitpid(-1, {}, WNOHANG): no (more) child has exited
2026/04/13 03:30:32 socat[95934] W waitpid(-1, {}, WNOHANG): no (more) child has exited
2026/04/13 03:30:32 socat[95934] W waitpid(-1, {}, WNOHANG): no (more) child has exited
2026/04/13 06:48:30 socat[95934] W waitpid(-1, {}, WNOHANG): no (more) child has exited
2026/04/13 13:16:31 socat[95934] W waitpid(-1, {}, WNOHANG): no (more) child has exited
2026/04/13 13:48:30 socat[95934] W waitpid(-1, {}, WNOHANG): no (more) child has exited
2026/04/13 14:58:30 socat[95934] W waitpid(-1, {}, WNOHANG): no (more) child has exited
2026/04/13 16:43:30 socat[95934] W waitpid(-1, {}, WNOHANG): no (more) child has exited
2026/04/13 19:03:30 socat[95934] W waitpid(-1, {}, WNOHANG): no (more) child has exited
2026/04/13 19:06:32 socat[95934] W waitpid(-1, {}, WNOHANG): no (more) child has exited
2026/04/13 19:38:30 socat[95934] W waitpid(-1, {}, WNOHANG): no (more) child has exited
2026/04/13 19:41:32 socat[95934] W waitpid(-1, {}, WNOHANG): no (more) child has exited
2026/04/13 22:45:21 socat[95934] W waitpid(-1, {}, WNOHANG): no (more) child has exited
2026/04/13 22:57:04 socat[95934] W waitpid(-1, {}, WNOHANG): no (more) child has exited
2026/04/13 22:59:37 socat[95934] W waitpid(-1, {}, WNOHANG): no (more) child has exited
2026/04/13 23:10:01 socat[95934] W waitpid(-1, {}, WNOHANG): no (more) child has exited
2026/04/13 23:14:43 socat[95934] W waitpid(-1, {}, WNOHANG): no (more) child has exited
2026/04/13 23:18:50 socat[95934] W waitpid(-1, {}, WNOHANG): no (more) child has exited
2026/04/13 23:22:08 socat[95934] W waitpid(-1, {}, WNOHANG): no (more) child has exited
2026/04/13 23:51:37 socat[95934] W waitpid(-1, {}, WNOHANG): no (more) child has exited
2026/04/13 23:52:24 socat[95934] W waitpid(-1, {}, WNOHANG): no (more) child has exited
2026/04/13 23:57:53 socat[95934] W waitpid(-1, {}, WNOHANG): no (more) child has exited
2026/04/14 00:01:36 socat[95934] W waitpid(-1, {}, WNOHANG): no (more) child has exited
2026/04/14 00:03:17 socat[49907] W connect(5, LEN=16 AF=2 127.0.0.1:3100, 16): Connection refused
2026/04/14 00:03:17 socat[49907] E TCP:127.0.0.1:3100: Connection refused
2026/04/14 00:03:17 socat[49908] W connect(5, LEN=16 AF=2 127.0.0.1:3100, 16): Connection refused
2026/04/14 00:03:17 socat[49908] E TCP:127.0.0.1:3100: Connection refused
2026/04/14 00:04:16 socat[95934] W waitpid(-1, {}, WNOHANG): no (more) child has exited
2026/04/14 00:04:16 socat[95934] W waitpid(-1, {}, WNOHANG): no (more) child has exited
2026/04/14 00:05:24 socat[95934] W waitpid(-1, {}, WNOHANG): no (more) child has exited
2026/04/14 00:10:58 socat[95934] W waitpid(-1, {}, WNOHANG): no (more) child has exited
2026/04/14 00:14:55 socat[95934] W waitpid(-1, {}, WNOHANG): no (more) child has exited
2026/04/14 00:23:07 socat[95934] W waitpid(-1, {}, WNOHANG): no (more) child has exited
2026/04/14 00:25:43 socat[56674] W connect(5, LEN=16 AF=2 127.0.0.1:3100, 16): Connection refused
2026/04/14 00:25:43 socat[56674] E TCP:127.0.0.1:3100: Connection refused
2026/04/14 00:25:44 socat[56675] W connect(5, LEN=16 AF=2 127.0.0.1:3100, 16): Connection refused
2026/04/14 00:25:44 socat[56675] E TCP:127.0.0.1:3100: Connection refused
2026/04/14 00:25:44 socat[56676] W connect(5, LEN=16 AF=2 127.0.0.1:3100, 16): Connection refused
2026/04/14 00:25:44 socat[56676] E TCP:127.0.0.1:3100: Connection refused
2026/04/14 00:25:44 socat[56677] W connect(5, LEN=16 AF=2 127.0.0.1:3100, 16): Connection refused
2026/04/14 00:25:44 socat[56677] E TCP:127.0.0.1:3100: Connection refused
2026/04/14 00:43:44 socat[95934] W waitpid(-1, {}, WNOHANG): no (more) child has exited
2026/04/14 00:44:54 socat[95934] W waitpid(-1, {}, WNOHANG): no (more) child has exited
2026/04/14 00:45:47 socat[95934] W waitpid(-1, {}, WNOHANG): no (more) child has exited
2026/04/14 00:45:47 socat[95934] W waitpid(-1, {}, WNOHANG): no (more) child has exited
2026/04/14 00:47:30 socat[95934] W waitpid(-1, {}, WNOHANG): no (more) child has exited
2026/04/14 00:57:59 socat[95934] W waitpid(-1, {}, WNOHANG): no (more) child has exited
2026/04/14 00:58:06 socat[95934] W waitpid(-1, {}, WNOHANG): no (more) child has exited
2026/04/14 00:59:07 socat[95934] W waitpid(-1, {}, WNOHANG): no (more) child has exited
2026/04/14 00:59:21 socat[95934] W waitpid(-1, {}, WNOHANG): no (more) child has exited
2026/04/14 00:59:36 socat[67399] W connect(5, LEN=16 AF=2 127.0.0.1:3100, 16): Connection refused
2026/04/14 00:59:36 socat[67399] E TCP:127.0.0.1:3100: Connection refused
2026/04/14 00:59:56 socat[95934] W waitpid(-1, {}, WNOHANG): no (more) child has exited
2026/04/14 01:00:25 socat[95934] W waitpid(-1, {}, WNOHANG): no (more) child has exited
2026/04/14 01:01:20 socat[95934] W waitpid(-1, {}, WNOHANG): no (more) child has exited
2026/04/14 01:02:08 socat[95934] W waitpid(-1, {}, WNOHANG): no (more) child has exited
2026/04/14 01:04:14 socat[95934] W waitpid(-1, {}, WNOHANG): no (more) child has exited
2026/04/14 01:04:15 socat[68757] W connect(5, LEN=16 AF=2 127.0.0.1:3100, 16): Connection refused
2026/04/14 01:04:15 socat[68757] E TCP:127.0.0.1:3100: Connection refused
2026/04/14 01:04:15 socat[68758] W connect(5, LEN=16 AF=2 127.0.0.1:3100, 16): Connection refused
2026/04/14 01:04:15 socat[68758] E TCP:127.0.0.1:3100: Connection refused
2026/04/14 01:04:56 socat[95934] W waitpid(-1, {}, WNOHANG): no (more) child has exited
2026/04/14 01:08:56 socat[95934] W waitpid(-1, {}, WNOHANG): no (more) child has exited
2026/04/14 01:13:01 socat[95934] W waitpid(-1, {}, WNOHANG): no (more) child has exited
2026/04/14 01:13:10 socat[95934] W waitpid(-1, {}, WNOHANG): no (more) child has exited
2026/04/14 01:13:10 socat[95934] W waitpid(-1, {}, WNOHANG): no (more) child has exited
2026/04/14 01:13:10 socat[95934] W waitpid(-1, {}, WNOHANG): no (more) child has exited
2026/04/14 01:16:18 socat[72491] W connect(5, LEN=16 AF=2 127.0.0.1:3100, 16): Connection refused
2026/04/14 01:16:18 socat[72491] E TCP:127.0.0.1:3100: Connection refused
2026/04/14 01:16:18 socat[72498] W connect(5, LEN=16 AF=2 127.0.0.1:3100, 16): Connection refused
2026/04/14 01:16:18 socat[72498] E TCP:127.0.0.1:3100: Connection refused
2026/04/14 01:16:19 socat[72499] W connect(5, LEN=16 AF=2 127.0.0.1:3100, 16): Connection refused
2026/04/14 01:16:19 socat[72499] E TCP:127.0.0.1:3100: Connection refused
2026/04/14 01:17:09 socat[95934] W waitpid(-1, {}, WNOHANG): no (more) child has exited
2026/04/14 01:17:09 socat[95934] W waitpid(-1, {}, WNOHANG): no (more) child has exited
2026/04/14 01:17:25 socat[95934] W waitpid(-1, {}, WNOHANG): no (more) child has exited
2026/04/14 01:18:17 socat[95934] W waitpid(-1, {}, WNOHANG): no (more) child has exited
2026/04/14 01:22:10 socat[95934] W waitpid(-1, {}, WNOHANG): no (more) child has exited
2026/04/14 01:25:26 socat[95934] W waitpid(-1, {}, WNOHANG): no (more) child has exited
2026/04/14 01:30:17 socat[95934] W waitpid(-1, {}, WNOHANG): no (more) child has exited
2026/04/14 01:31:53 socat[95934] W waitpid(-1, {}, WNOHANG): no (more) child has exited
2026/04/14 01:31:54 socat[95934] W waitpid(-1, {}, WNOHANG): no (more) child has exited
2026/04/14 01:33:45 socat[95934] W waitpid(-1, {}, WNOHANG): no (more) child has exited
2026/04/14 01:33:45 socat[95934] W waitpid(-1, {}, WNOHANG): no (more) child has exited
2026/04/14 01:34:17 socat[95934] W waitpid(-1, {}, WNOHANG): no (more) child has exited
2026/04/14 01:35:28 socat[95934] W waitpid(-1, {}, WNOHANG): no (more) child has exited
2026/04/14 01:37:22 socat[95934] W waitpid(-1, {}, WNOHANG): no (more) child has exited
2026/04/14 01:37:31 socat[95934] W waitpid(-1, {}, WNOHANG): no (more) child has exited
2026/04/14 01:38:21 socat[95934] W waitpid(-1, {}, WNOHANG): no (more) child has exited
2026/04/14 01:38:30 socat[95934] W waitpid(-1, {}, WNOHANG): no (more) child has exited
2026/04/14 01:38:30 socat[95934] W waitpid(-1, {}, WNOHANG): no (more) child has exited
2026/04/14 01:39:17 socat[95934] W waitpid(-1, {}, WNOHANG): no (more) child has exited
2026/04/14 01:39:59 socat[95934] W waitpid(-1, {}, WNOHANG): no (more) child has exited
2026/04/14 01:40:09 socat[95934] W waitpid(-1, {}, WNOHANG): no (more) child has exited
2026/04/14 01:40:17 socat[95934] W waitpid(-1, {}, WNOHANG): no (more) child has exited
2026/04/14 01:40:48 socat[95934] W waitpid(-1, {}, WNOHANG): no (more) child has exited
2026/04/14 01:42:10 socat[95934] W waitpid(-1, {}, WNOHANG): no (more) child has exited
2026/04/14 01:42:19 socat[95934] W waitpid(-1, {}, WNOHANG): no (more) child has exited
2026/04/14 01:42:19 socat[95934] W waitpid(-1, {}, WNOHANG): no (more) child has exited
2026/04/14 01:44:02 socat[95934] W waitpid(-1, {}, WNOHANG): no (more) child has exited
2026/04/14 01:44:12 socat[95934] W waitpid(-1, {}, WNOHANG): no (more) child has exited
2026/04/14 01:44:13 socat[95934] W waitpid(-1, {}, WNOHANG): no (more) child has exited
2026/04/14 01:45:40 socat[95934] W waitpid(-1, {}, WNOHANG): no (more) child has exited
2026/04/14 01:45:45 socat[82936] W connect(5, LEN=16 AF=2 127.0.0.1:3100, 16): Connection refused
2026/04/14 01:45:45 socat[82936] E TCP:127.0.0.1:3100: Connection refused
2026/04/14 01:45:57 socat[95934] W waitpid(-1, {}, WNOHANG): no (more) child has exited
2026/04/14 01:45:58 socat[95934] W waitpid(-1, {}, WNOHANG): no (more) child has exited
2026/04/14 01:46:07 socat[95934] W waitpid(-1, {}, WNOHANG): no (more) child has exited
2026/04/14 01:47:28 socat[95934] W waitpid(-1, {}, WNOHANG): no (more) child has exited
2026/04/14 01:47:36 socat[95934] W waitpid(-1, {}, WNOHANG): no (more) child has exited
2026/04/14 01:47:37 socat[95934] W waitpid(-1, {}, WNOHANG): no (more) child has exited
2026/04/14 01:47:38 socat[95934] W waitpid(-1, {}, WNOHANG): no (more) child has exited
2026/04/14 01:49:28 socat[95934] W waitpid(-1, {}, WNOHANG): no (more) child has exited
2026/04/14 01:49:29 socat[95934] W waitpid(-1, {}, WNOHANG): no (more) child has exited
2026/04/14 01:49:37 socat[95934] W waitpid(-1, {}, WNOHANG): no (more) child has exited
2026/04/14 01:49:39 socat[95934] W waitpid(-1, {}, WNOHANG): no (more) child has exited
2026/04/14 01:50:41 socat[95934] W waitpid(-1, {}, WNOHANG): no (more) child has exited
2026/04/14 01:50:50 socat[95934] W waitpid(-1, {}, WNOHANG): no (more) child has exited
2026/04/14 01:50:51 socat[95934] W waitpid(-1, {}, WNOHANG): no (more) child has exited
2026/04/14 01:52:21 socat[95934] W waitpid(-1, {}, WNOHANG): no (more) child has exited
2026/04/14 01:52:31 socat[95934] W waitpid(-1, {}, WNOHANG): no (more) child has exited
2026/04/14 01:54:57 socat[95934] W waitpid(-1, {}, WNOHANG): no (more) child has exited
2026/04/14 01:55:15 socat[95934] W waitpid(-1, {}, WNOHANG): no (more) child has exited
2026/04/14 01:55:23 socat[95934] W waitpid(-1, {}, WNOHANG): no (more) child has exited
2026/04/14 01:55:32 socat[95934] W waitpid(-1, {}, WNOHANG): no (more) child has exited
2026/04/14 01:55:42 socat[95934] W waitpid(-1, {}, WNOHANG): no (more) child has exited
2026/04/14 01:55:49 socat[95934] W waitpid(-1, {}, WNOHANG): no (more) child has exited
2026/04/14 01:55:58 socat[95934] W waitpid(-1, {}, WNOHANG): no (more) child has exited
2026/04/14 01:58:17 socat[95934] W waitpid(-1, {}, WNOHANG): no (more) child has exited
2026/04/14 02:01:19 socat[95934] W waitpid(-1, {}, WNOHANG): no (more) child has exited
2026/04/14 02:09:17 socat[95934] W waitpid(-1, {}, WNOHANG): no (more) child has exited
2026/04/14 02:09:47 socat[95934] W waitpid(-1, {}, WNOHANG): no (more) child has exited
2026/04/14 02:14:09 socat[95934] W waitpid(-1, {}, WNOHANG): no (more) child has exited
2026/04/14 02:17:56 socat[95934] W waitpid(-1, {}, WNOHANG): no (more) child has exited
2026/04/14 02:33:17 socat[95934] W waitpid(-1, {}, WNOHANG): no (more) child has exited
2026/04/14 02:37:17 socat[95934] W waitpid(-1, {}, WNOHANG): no (more) child has exited
2026/04/14 02:41:44 socat[95934] W waitpid(-1, {}, WNOHANG): no (more) child has exited
2026/04/14 02:45:17 socat[95934] W waitpid(-1, {}, WNOHANG): no (more) child has exited
2026/04/14 03:13:17 socat[95934] W waitpid(-1, {}, WNOHANG): no (more) child has exited
2026/04/14 03:14:05 socat[95934] W waitpid(-1, {}, WNOHANG): no (more) child has exited
2026/04/14 03:17:17 socat[95934] W waitpid(-1, {}, WNOHANG): no (more) child has exited
2026/04/14 03:25:53 socat[95934] W waitpid(-1, {}, WNOHANG): no (more) child has exited
2026/04/14 03:30:19 socat[95934] W waitpid(-1, {}, WNOHANG): no (more) child has exited
2026/04/14 03:42:57 socat[95934] W waitpid(-1, {}, WNOHANG): no (more) child has exited
2026/04/14 03:47:00 socat[95934] W waitpid(-1, {}, WNOHANG): no (more) child has exited
2026/04/14 03:50:52 socat[95934] W waitpid(-1, {}, WNOHANG): no (more) child has exited
2026/04/14 03:54:16 socat[95934] W waitpid(-1, {}, WNOHANG): no (more) child has exited
2026/04/14 03:54:50 socat[95934] W waitpid(-1, {}, WNOHANG): no (more) child has exited
2026/04/14 04:03:10 socat[95934] W waitpid(-1, {}, WNOHANG): no (more) child has exited
2026/04/14 04:06:17 socat[95934] W waitpid(-1, {}, WNOHANG): no (more) child has exited
2026/04/14 04:10:59 socat[95934] W waitpid(-1, {}, WNOHANG): no (more) child has exited
2026/04/14 04:23:53 socat[95934] W waitpid(-1, {}, WNOHANG): no (more) child has exited
2026/04/14 04:28:05 socat[95934] W waitpid(-1, {}, WNOHANG): no (more) child has exited
2026/04/14 04:35:17 socat[95934] W waitpid(-1, {}, WNOHANG): no (more) child has exited
2026/04/14 04:36:06 socat[95934] W waitpid(-1, {}, WNOHANG): no (more) child has exited
2026/04/14 04:40:11 socat[95934] W waitpid(-1, {}, WNOHANG): no (more) child has exited
2026/04/14 04:40:12 socat[95934] W waitpid(-1, {}, WNOHANG): no (more) child has exited
2026/04/14 04:43:54 socat[95934] W waitpid(-1, {}, WNOHANG): no (more) child has exited
2026/04/14 04:56:17 socat[95934] W waitpid(-1, {}, WNOHANG): no (more) child has exited
2026/04/14 05:05:21 socat[95934] W waitpid(-1, {}, WNOHANG): no (more) child has exited
2026/04/14 05:09:50 socat[95934] W waitpid(-1, {}, WNOHANG): no (more) child has exited
2026/04/14 05:13:55 socat[95934] W waitpid(-1, {}, WNOHANG): no (more) child has exited
2026/04/14 05:18:10 socat[95934] W waitpid(-1, {}, WNOHANG): no (more) child has exited
2026/04/14 05:21:17 socat[95934] W waitpid(-1, {}, WNOHANG): no (more) child has exited
2026/04/14 05:25:51 socat[95934] W waitpid(-1, {}, WNOHANG): no (more) child has exited
2026/04/14 05:33:17 socat[95934] W waitpid(-1, {}, WNOHANG): no (more) child has exited
2026/04/14 05:37:17 socat[95934] W waitpid(-1, {}, WNOHANG): no (more) child has exited
2026/04/14 05:38:04 socat[95934] W waitpid(-1, {}, WNOHANG): no (more) child has exited
2026/04/14 05:45:47 socat[95934] W waitpid(-1, {}, WNOHANG): no (more) child has exited
2026/04/14 05:49:58 socat[95934] W waitpid(-1, {}, WNOHANG): no (more) child has exited
2026/04/14 05:53:51 socat[95934] W waitpid(-1, {}, WNOHANG): no (more) child has exited
2026/04/14 06:01:52 socat[95934] W waitpid(-1, {}, WNOHANG): no (more) child has exited
2026/04/14 06:09:54 socat[95934] W waitpid(-1, {}, WNOHANG): no (more) child has exited
2026/04/14 06:10:00 socat[95934] W waitpid(-1, {}, WNOHANG): no (more) child has exited
2026/04/14 06:13:17 socat[95934] W waitpid(-1, {}, WNOHANG): no (more) child has exited
2026/04/14 06:14:04 socat[95934] W waitpid(-1, {}, WNOHANG): no (more) child has exited
2026/04/14 06:17:17 socat[95934] W waitpid(-1, {}, WNOHANG): no (more) child has exited
2026/04/14 06:17:17 socat[95934] W waitpid(-1, {}, WNOHANG): no (more) child has exited
2026/04/14 06:25:00 socat[95934] W waitpid(-1, {}, WNOHANG): no (more) child has exited
2026/04/14 06:33:09 socat[95934] W waitpid(-1, {}, WNOHANG): no (more) child has exited
2026/04/14 06:36:45 socat[95934] W waitpid(-1, {}, WNOHANG): no (more) child has exited
2026/04/14 06:40:49 socat[95934] W waitpid(-1, {}, WNOHANG): no (more) child has exited
2026/04/14 06:44:17 socat[95934] W waitpid(-1, {}, WNOHANG): no (more) child has exited
2026/04/14 06:45:35 socat[95934] W waitpid(-1, {}, WNOHANG): no (more) child has exited
2026/04/14 06:49:17 socat[95934] W waitpid(-1, {}, WNOHANG): no (more) child has exited
2026/04/14 06:57:17 socat[95934] W waitpid(-1, {}, WNOHANG): no (more) child has exited
2026/04/14 07:01:18 socat[95934] W waitpid(-1, {}, WNOHANG): no (more) child has exited
2026/04/14 07:05:18 socat[95934] W waitpid(-1, {}, WNOHANG): no (more) child has exited
2026/04/14 07:08:49 socat[95934] W waitpid(-1, {}, WNOHANG): no (more) child has exited
2026/04/14 07:13:07 socat[95934] W waitpid(-1, {}, WNOHANG): no (more) child has exited
2026/04/14 07:29:10 socat[95934] W waitpid(-1, {}, WNOHANG): no (more) child has exited
2026/04/14 07:29:10 socat[95934] W waitpid(-1, {}, WNOHANG): no (more) child has exited
2026/04/14 07:34:47 socat[95934] W waitpid(-1, {}, WNOHANG): no (more) child has exited
2026/04/14 07:34:56 socat[95934] W waitpid(-1, {}, WNOHANG): no (more) child has exited
2026/04/14 07:36:17 socat[95934] W waitpid(-1, {}, WNOHANG): no (more) child has exited
2026/04/14 07:45:47 socat[95934] W waitpid(-1, {}, WNOHANG): no (more) child has exited
2026/04/14 07:53:22 socat[95934] W waitpid(-1, {}, WNOHANG): no (more) child has exited
2026/04/14 07:54:31 socat[95934] W waitpid(-1, {}, WNOHANG): no (more) child has exited
2026/04/14 07:54:32 socat[95934] W waitpid(-1, {}, WNOHANG): no (more) child has exited
2026/04/14 07:55:29 socat[95934] W waitpid(-1, {}, WNOHANG): no (more) child has exited
2026/04/14 07:56:27 socat[95934] W waitpid(-1, {}, WNOHANG): no (more) child has exited
2026/04/14 07:56:35 socat[95934] W waitpid(-1, {}, WNOHANG): no (more) child has exited
2026/04/14 07:57:35 socat[95934] W waitpid(-1, {}, WNOHANG): no (more) child has exited
2026/04/14 07:58:49 socat[95934] W waitpid(-1, {}, WNOHANG): no (more) child has exited
2026/04/14 07:59:59 socat[95934] W waitpid(-1, {}, WNOHANG): no (more) child has exited
2026/04/14 08:00:07 socat[95934] W waitpid(-1, {}, WNOHANG): no (more) child has exited
2026/04/14 08:00:15 socat[95934] W waitpid(-1, {}, WNOHANG): no (more) child has exited
2026/04/14 08:02:24 socat[95934] W waitpid(-1, {}, WNOHANG): no (more) child has exited
2026/04/14 08:02:33 socat[95934] W waitpid(-1, {}, WNOHANG): no (more) child has exited
2026/04/14 08:02:40 socat[95934] W waitpid(-1, {}, WNOHANG): no (more) child has exited
2026/04/14 08:02:41 socat[95934] W waitpid(-1, {}, WNOHANG): no (more) child has exited
2026/04/14 08:02:57 socat[95934] W waitpid(-1, {}, WNOHANG): no (more) child has exited
2026/04/14 08:03:06 socat[95934] W waitpid(-1, {}, WNOHANG): no (more) child has exited
2026/04/14 08:03:51 socat[98771] W connect(5, LEN=16 AF=2 127.0.0.1:3100, 16): Connection refused
2026/04/14 08:03:51 socat[98771] E TCP:127.0.0.1:3100: Connection refused
2026/04/14 08:04:02 socat[95934] W waitpid(-1, {}, WNOHANG): no (more) child has exited
2026/04/14 08:04:10 socat[95934] W waitpid(-1, {}, WNOHANG): no (more) child has exited
2026/04/14 08:04:10 socat[95934] W waitpid(-1, {}, WNOHANG): no (more) child has exited
2026/04/14 08:04:18 socat[95934] W waitpid(-1, {}, WNOHANG): no (more) child has exited
2026/04/14 08:04:34 socat[95934] W waitpid(-1, {}, WNOHANG): no (more) child has exited
2026/04/14 08:04:34 socat[95934] W waitpid(-1, {}, WNOHANG): no (more) child has exited
2026/04/14 08:04:43 socat[95934] W waitpid(-1, {}, WNOHANG): no (more) child has exited
2026/04/14 08:05:47 socat[95934] W waitpid(-1, {}, WNOHANG): no (more) child has exited
2026/04/14 08:05:59 socat[95934] W waitpid(-1, {}, WNOHANG): no (more) child has exited
2026/04/14 08:06:07 socat[95934] W waitpid(-1, {}, WNOHANG): no (more) child has exited
2026/04/14 08:06:23 socat[95934] W waitpid(-1, {}, WNOHANG): no (more) child has exited
2026/04/14 08:06:31 socat[95934] W waitpid(-1, {}, WNOHANG): no (more) child has exited
2026/04/14 08:06:39 socat[95934] W waitpid(-1, {}, WNOHANG): no (more) child has exited
2026/04/14 08:06:40 socat[95934] W waitpid(-1, {}, WNOHANG): no (more) child has exited
2026/04/14 08:08:01 socat[95934] W waitpid(-1, {}, WNOHANG): no (more) child has exited
2026/04/14 08:08:02 socat[95934] W waitpid(-1, {}, WNOHANG): no (more) child has exited
2026/04/14 08:08:10 socat[95934] W waitpid(-1, {}, WNOHANG): no (more) child has exited
2026/04/14 08:08:25 socat[95934] W waitpid(-1, {}, WNOHANG): no (more) child has exited
2026/04/14 08:08:33 socat[95934] W waitpid(-1, {}, WNOHANG): no (more) child has exited
2026/04/14 08:08:42 socat[95934] W waitpid(-1, {}, WNOHANG): no (more) child has exited
2026/04/14 08:08:57 socat[95934] W waitpid(-1, {}, WNOHANG): no (more) child has exited
2026/04/14 08:09:41 socat[95934] W waitpid(-1, {}, WNOHANG): no (more) child has exited
2026/04/14 08:12:17 socat[95934] W waitpid(-1, {}, WNOHANG): no (more) child has exited
2026/04/14 08:12:25 socat[95934] W waitpid(-1, {}, WNOHANG): no (more) child has exited
2026/04/14 08:12:26 socat[95934] W waitpid(-1, {}, WNOHANG): no (more) child has exited
2026/04/14 08:12:33 socat[95934] W waitpid(-1, {}, WNOHANG): no (more) child has exited
2026/04/14 08:12:41 socat[95934] W waitpid(-1, {}, WNOHANG): no (more) child has exited
2026/04/14 08:12:59 socat[95934] W waitpid(-1, {}, WNOHANG): no (more) child has exited
2026/04/14 08:13:17 socat[95934] W waitpid(-1, {}, WNOHANG): no (more) child has exited
2026/04/14 08:13:25 socat[95934] W waitpid(-1, {}, WNOHANG): no (more) child has exited
2026/04/14 08:13:34 socat[95934] W waitpid(-1, {}, WNOHANG): no (more) child has exited
2026/04/14 08:13:42 socat[95934] W waitpid(-1, {}, WNOHANG): no (more) child has exited
2026/04/14 08:14:00 socat[95934] W waitpid(-1, {}, WNOHANG): no (more) child has exited
2026/04/14 08:14:01 socat[95934] W waitpid(-1, {}, WNOHANG): no (more) child has exited
2026/04/14 08:14:08 socat[95934] W waitpid(-1, {}, WNOHANG): no (more) child has exited
2026/04/14 08:14:16 socat[95934] W waitpid(-1, {}, WNOHANG): no (more) child has exited
2026/04/14 08:14:40 socat[95934] W waitpid(-1, {}, WNOHANG): no (more) child has exited
2026/04/14 08:14:41 socat[95934] W waitpid(-1, {}, WNOHANG): no (more) child has exited
2026/04/14 08:14:57 socat[95934] W waitpid(-1, {}, WNOHANG): no (more) child has exited
2026/04/14 08:15:06 socat[95934] W waitpid(-1, {}, WNOHANG): no (more) child has exited
2026/04/14 08:15:14 socat[95934] W waitpid(-1, {}, WNOHANG): no (more) child has exited
2026/04/14 08:15:22 socat[95934] W waitpid(-1, {}, WNOHANG): no (more) child has exited
2026/04/14 08:15:30 socat[95934] W waitpid(-1, {}, WNOHANG): no (more) child has exited
2026/04/14 08:15:39 socat[95934] W waitpid(-1, {}, WNOHANG): no (more) child has exited
2026/04/14 08:15:40 socat[95934] W waitpid(-1, {}, WNOHANG): no (more) child has exited
2026/04/14 08:22:39 socat[95934] W waitpid(-1, {}, WNOHANG): no (more) child has exited
2026/04/14 08:31:19 socat[95934] W waitpid(-1, {}, WNOHANG): no (more) child has exited
2026/04/14 08:40:11 socat[95934] W waitpid(-1, {}, WNOHANG): no (more) child has exited
2026/04/14 08:40:18 socat[95934] W waitpid(-1, {}, WNOHANG): no (more) child has exited
2026/04/14 08:48:00 socat[95934] W waitpid(-1, {}, WNOHANG): no (more) child has exited
2026/04/14 08:52:45 socat[95934] W waitpid(-1, {}, WNOHANG): no (more) child has exited
2026/04/14 09:00:59 socat[95934] W waitpid(-1, {}, WNOHANG): no (more) child has exited
2026/04/14 09:05:35 socat[95934] W waitpid(-1, {}, WNOHANG): no (more) child has exited
2026/04/14 09:08:59 socat[95934] W waitpid(-1, {}, WNOHANG): no (more) child has exited
2026/04/14 09:09:59 socat[95934] W waitpid(-1, {}, WNOHANG): no (more) child has exited
2026/04/14 09:13:01 socat[95934] W waitpid(-1, {}, WNOHANG): no (more) child has exited
2026/04/14 09:17:00 socat[95934] W waitpid(-1, {}, WNOHANG): no (more) child has exited
2026/04/14 09:28:35 socat[95934] W waitpid(-1, {}, WNOHANG): no (more) child has exited
2026/04/14 09:32:56 socat[95934] W waitpid(-1, {}, WNOHANG): no (more) child has exited
2026/04/14 09:32:56 socat[95934] W waitpid(-1, {}, WNOHANG): no (more) child has exited
2026/04/14 09:35:59 socat[95934] W waitpid(-1, {}, WNOHANG): no (more) child has exited
2026/04/14 09:35:59 socat[95934] W waitpid(-1, {}, WNOHANG): no (more) child has exited
2026/04/14 09:43:59 socat[95934] W waitpid(-1, {}, WNOHANG): no (more) child has exited
2026/04/14 09:51:59 socat[95934] W waitpid(-1, {}, WNOHANG): no (more) child has exited
2026/04/14 09:55:59 socat[95934] W waitpid(-1, {}, WNOHANG): no (more) child has exited
2026/04/14 09:55:59 socat[95934] W waitpid(-1, {}, WNOHANG): no (more) child has exited
2026/04/14 09:56:48 socat[95934] W waitpid(-1, {}, WNOHANG): no (more) child has exited
2026/04/14 09:59:59 socat[95934] W waitpid(-1, {}, WNOHANG): no (more) child has exited
2026/04/14 10:12:30 socat[95934] W waitpid(-1, {}, WNOHANG): no (more) child has exited
2026/04/14 10:28:39 socat[95934] W waitpid(-1, {}, WNOHANG): no (more) child has exited
2026/04/14 10:28:39 socat[95934] W waitpid(-1, {}, WNOHANG): no (more) child has exited
2026/04/14 10:42:35 socat[95934] W waitpid(-1, {}, WNOHANG): no (more) child has exited
2026/04/14 10:50:00 socat[95934] W waitpid(-1, {}, WNOHANG): no (more) child has exited
2026/04/14 10:58:46 socat[95934] W waitpid(-1, {}, WNOHANG): no (more) child has exited
2026/04/14 11:01:59 socat[95934] W waitpid(-1, {}, WNOHANG): no (more) child has exited
2026/04/14 11:01:59 socat[95934] W waitpid(-1, {}, WNOHANG): no (more) child has exited
2026/04/14 11:09:59 socat[95934] W waitpid(-1, {}, WNOHANG): no (more) child has exited
2026/04/14 11:13:59 socat[95934] W waitpid(-1, {}, WNOHANG): no (more) child has exited
2026/04/14 11:13:59 socat[95934] W waitpid(-1, {}, WNOHANG): no (more) child has exited
2026/04/14 11:14:28 socat[95934] W waitpid(-1, {}, WNOHANG): no (more) child has exited
2026/04/14 11:14:36 socat[95934] W waitpid(-1, {}, WNOHANG): no (more) child has exited
2026/04/14 11:18:00 socat[95934] W waitpid(-1, {}, WNOHANG): no (more) child has exited
2026/04/14 11:30:00 socat[95934] W waitpid(-1, {}, WNOHANG): no (more) child has exited
2026/04/14 11:34:54 socat[95934] W waitpid(-1, {}, WNOHANG): no (more) child has exited
2026/04/14 11:41:59 socat[95934] W waitpid(-1, {}, WNOHANG): no (more) child has exited
2026/04/14 11:49:59 socat[95934] W waitpid(-1, {}, WNOHANG): no (more) child has exited
2026/04/14 11:52:08 socat[95934] W waitpid(-1, {}, WNOHANG): no (more) child has exited
2026/04/14 11:56:00 socat[95934] W waitpid(-1, {}, WNOHANG): no (more) child has exited
2026/04/14 11:56:35 socat[95934] W waitpid(-1, {}, WNOHANG): no (more) child has exited
2026/04/14 12:00:00 socat[95934] W waitpid(-1, {}, WNOHANG): no (more) child has exited
2026/04/14 12:03:59 socat[95934] W waitpid(-1, {}, WNOHANG): no (more) child has exited
2026/04/14 12:04:42 socat[95934] W waitpid(-1, {}, WNOHANG): no (more) child has exited
2026/04/14 12:24:39 socat[95934] W waitpid(-1, {}, WNOHANG): no (more) child has exited
2026/04/14 12:28:39 socat[95934] W waitpid(-1, {}, WNOHANG): no (more) child has exited
2026/04/14 12:32:40 socat[95934] W waitpid(-1, {}, WNOHANG): no (more) child has exited
2026/04/14 12:39:59 socat[95934] W waitpid(-1, {}, WNOHANG): no (more) child has exited
2026/04/14 12:40:46 socat[95934] W waitpid(-1, {}, WNOHANG): no (more) child has exited
2026/04/14 12:43:59 socat[95934] W waitpid(-1, {}, WNOHANG): no (more) child has exited
2026/04/14 12:44:57 socat[95934] W waitpid(-1, {}, WNOHANG): no (more) child has exited
2026/04/14 12:48:39 socat[95934] W waitpid(-1, {}, WNOHANG): no (more) child has exited
2026/04/14 12:48:39 socat[95934] W waitpid(-1, {}, WNOHANG): no (more) child has exited
2026/04/14 12:51:59 socat[95934] W waitpid(-1, {}, WNOHANG): no (more) child has exited
2026/04/14 12:52:36 socat[95934] W waitpid(-1, {}, WNOHANG): no (more) child has exited
2026/04/14 12:55:59 socat[95934] W waitpid(-1, {}, WNOHANG): no (more) child has exited
2026/04/14 12:56:46 socat[95934] W waitpid(-1, {}, WNOHANG): no (more) child has exited
2026/04/14 13:00:00 socat[95934] W waitpid(-1, {}, WNOHANG): no (more) child has exited
2026/04/14 13:02:11 socat[95934] W waitpid(-1, {}, WNOHANG): no (more) child has exited
2026/04/14 13:06:52 socat[95934] W waitpid(-1, {}, WNOHANG): no (more) child has exited
2026/04/14 13:06:52 socat[95934] W waitpid(-1, {}, WNOHANG): no (more) child has exited
2026/04/14 13:18:32 socat[95934] W waitpid(-1, {}, WNOHANG): no (more) child has exited
2026/04/14 13:22:00 socat[95934] W waitpid(-1, {}, WNOHANG): no (more) child has exited
2026/04/14 13:26:00 socat[95934] W waitpid(-1, {}, WNOHANG): no (more) child has exited
2026/04/14 13:27:04 socat[95934] W waitpid(-1, {}, WNOHANG): no (more) child has exited
2026/04/14 13:27:11 socat[95934] W waitpid(-1, {}, WNOHANG): no (more) child has exited
2026/04/14 13:35:00 socat[95934] W waitpid(-1, {}, WNOHANG): no (more) child has exited
2026/04/14 13:36:07 socat[95934] W waitpid(-1, {}, WNOHANG): no (more) child has exited
2026/04/14 13:40:42 socat[95934] W waitpid(-1, {}, WNOHANG): no (more) child has exited
2026/04/14 13:44:54 socat[95934] W waitpid(-1, {}, WNOHANG): no (more) child has exited
2026/04/14 13:51:59 socat[95934] W waitpid(-1, {}, WNOHANG): no (more) child has exited
2026/04/14 14:06:14 socat[95934] W waitpid(-1, {}, WNOHANG): no (more) child has exited
2026/04/14 14:10:36 socat[95934] W waitpid(-1, {}, WNOHANG): no (more) child has exited
2026/04/14 14:14:36 socat[95934] W waitpid(-1, {}, WNOHANG): no (more) child has exited
2026/04/14 14:18:00 socat[95934] W waitpid(-1, {}, WNOHANG): no (more) child has exited
2026/04/14 14:26:00 socat[95934] W waitpid(-1, {}, WNOHANG): no (more) child has exited
2026/04/14 14:26:52 socat[95934] W waitpid(-1, {}, WNOHANG): no (more) child has exited
2026/04/14 14:27:00 socat[95934] W waitpid(-1, {}, WNOHANG): no (more) child has exited
2026/04/14 14:30:02 socat[95934] W waitpid(-1, {}, WNOHANG): no (more) child has exited
2026/04/14 14:30:42 socat[95934] W waitpid(-1, {}, WNOHANG): no (more) child has exited
2026/04/14 14:34:00 socat[95934] W waitpid(-1, {}, WNOHANG): no (more) child has exited
2026/04/14 14:38:00 socat[95934] W waitpid(-1, {}, WNOHANG): no (more) child has exited
2026/04/14 14:39:03 socat[95934] W waitpid(-1, {}, WNOHANG): no (more) child has exited
2026/04/14 14:39:19 socat[95934] W waitpid(-1, {}, WNOHANG): no (more) child has exited
2026/04/14 14:43:52 socat[95934] W waitpid(-1, {}, WNOHANG): no (more) child has exited
2026/04/14 14:47:00 socat[95934] W waitpid(-1, {}, WNOHANG): no (more) child has exited
2026/04/14 14:47:46 socat[95934] W waitpid(-1, {}, WNOHANG): no (more) child has exited
2026/04/14 14:51:00 socat[95934] W waitpid(-1, {}, WNOHANG): no (more) child has exited
2026/04/14 14:55:54 socat[95934] W waitpid(-1, {}, WNOHANG): no (more) child has exited
2026/04/14 14:56:43 socat[95934] W waitpid(-1, {}, WNOHANG): no (more) child has exited
2026/04/14 15:00:36 socat[95934] W waitpid(-1, {}, WNOHANG): no (more) child has exited
2026/04/14 15:09:00 socat[95934] W waitpid(-1, {}, WNOHANG): no (more) child has exited
2026/04/14 15:09:52 socat[95934] W waitpid(-1, {}, WNOHANG): no (more) child has exited
2026/04/14 15:12:59 socat[95934] W waitpid(-1, {}, WNOHANG): no (more) child has exited
2026/04/14 15:12:59 socat[95934] W waitpid(-1, {}, WNOHANG): no (more) child has exited
2026/04/14 15:21:00 socat[95934] W waitpid(-1, {}, WNOHANG): no (more) child has exited
2026/04/14 15:22:09 socat[95934] W waitpid(-1, {}, WNOHANG): no (more) child has exited
2026/04/14 15:31:31 socat[95934] W waitpid(-1, {}, WNOHANG): no (more) child has exited
2026/04/14 15:35:00 socat[95934] W waitpid(-1, {}, WNOHANG): no (more) child has exited
2026/04/14 15:35:26 socat[95934] W waitpid(-1, {}, WNOHANG): no (more) child has exited
2026/04/14 15:35:26 socat[95934] W waitpid(-1, {}, WNOHANG): no (more) child has exited
2026/04/14 16:00:00 socat[95934] W waitpid(-1, {}, WNOHANG): no (more) child has exited
2026/04/14 16:04:00 socat[95934] W waitpid(-1, {}, WNOHANG): no (more) child has exited
2026/04/14 16:21:02 socat[95934] W waitpid(-1, {}, WNOHANG): no (more) child has exited
2026/04/14 16:26:20 socat[95934] W waitpid(-1, {}, WNOHANG): no (more) child has exited
2026/04/14 16:45:02 socat[95934] W waitpid(-1, {}, WNOHANG): no (more) child has exited
2026/04/14 17:15:00 socat[95934] W waitpid(-1, {}, WNOHANG): no (more) child has exited
2026/04/14 17:15:47 socat[95934] W waitpid(-1, {}, WNOHANG): no (more) child has exited
2026/04/14 17:15:47 socat[95934] W waitpid(-1, {}, WNOHANG): no (more) child has exited
2026/04/14 17:19:59 socat[95934] W waitpid(-1, {}, WNOHANG): no (more) child has exited
2026/04/14 17:35:01 socat[95934] W waitpid(-1, {}, WNOHANG): no (more) child has exited
2026/04/14 17:35:35 socat[95934] W waitpid(-1, {}, WNOHANG): no (more) child has exited
2026/04/14 17:35:35 socat[95934] W waitpid(-1, {}, WNOHANG): no (more) child has exited
2026/04/14 17:44:45 socat[95934] W waitpid(-1, {}, WNOHANG): no (more) child has exited
2026/04/14 17:52:53 socat[95934] W waitpid(-1, {}, WNOHANG): no (more) child has exited
2026/04/14 18:00:49 socat[95934] W waitpid(-1, {}, WNOHANG): no (more) child has exited
2026/04/14 18:08:32 socat[95934] W waitpid(-1, {}, WNOHANG): no (more) child has exited
2026/04/14 18:08:45 socat[95934] W waitpid(-1, {}, WNOHANG): no (more) child has exited
2026/04/14 18:25:38 socat[95934] W waitpid(-1, {}, WNOHANG): no (more) child has exited
2026/04/14 18:33:01 socat[95934] W waitpid(-1, {}, WNOHANG): no (more) child has exited
2026/04/14 18:33:01 socat[95934] W waitpid(-1, {}, WNOHANG): no (more) child has exited
2026/04/14 18:45:47 socat[95934] W waitpid(-1, {}, WNOHANG): no (more) child has exited
2026/04/14 18:49:01 socat[95934] W waitpid(-1, {}, WNOHANG): no (more) child has exited
2026/04/14 18:49:37 socat[95934] W waitpid(-1, {}, WNOHANG): no (more) child has exited
2026/04/14 19:05:01 socat[95934] W waitpid(-1, {}, WNOHANG): no (more) child has exited
2026/04/14 19:10:20 socat[95934] W waitpid(-1, {}, WNOHANG): no (more) child has exited
2026/04/14 19:10:20 socat[95934] W waitpid(-1, {}, WNOHANG): no (more) child has exited
2026/04/14 19:14:01 socat[95934] W waitpid(-1, {}, WNOHANG): no (more) child has exited
2026/04/14 19:16:16 socat[95934] W waitpid(-1, {}, WNOHANG): no (more) child has exited
2026/04/14 19:30:05 socat[95934] W waitpid(-1, {}, WNOHANG): no (more) child has exited
2026/04/14 19:34:01 socat[95934] W waitpid(-1, {}, WNOHANG): no (more) child has exited
2026/04/14 19:34:56 socat[95934] W waitpid(-1, {}, WNOHANG): no (more) child has exited
2026/04/14 19:38:01 socat[95934] W waitpid(-1, {}, WNOHANG): no (more) child has exited
2026/04/14 19:42:01 socat[95934] W waitpid(-1, {}, WNOHANG): no (more) child has exited
2026/04/14 19:50:01 socat[95934] W waitpid(-1, {}, WNOHANG): no (more) child has exited
2026/04/14 20:05:01 socat[95934] W waitpid(-1, {}, WNOHANG): no (more) child has exited
2026/04/14 20:09:01 socat[95934] W waitpid(-1, {}, WNOHANG): no (more) child has exited
2026/04/14 20:09:33 socat[95934] W waitpid(-1, {}, WNOHANG): no (more) child has exited
2026/04/14 20:13:01 socat[95934] W waitpid(-1, {}, WNOHANG): no (more) child has exited
2026/04/14 20:14:01 socat[95934] W waitpid(-1, {}, WNOHANG): no (more) child has exited
2026/04/14 20:22:40 socat[95934] W waitpid(-1, {}, WNOHANG): no (more) child has exited
2026/04/14 20:30:48 socat[95934] W waitpid(-1, {}, WNOHANG): no (more) child has exited
2026/04/14 20:34:01 socat[95934] W waitpid(-1, {}, WNOHANG): no (more) child has exited
2026/04/14 20:39:01 socat[95934] W waitpid(-1, {}, WNOHANG): no (more) child has exited
2026/04/14 20:39:43 socat[95934] W waitpid(-1, {}, WNOHANG): no (more) child has exited
2026/04/14 20:52:01 socat[95934] W waitpid(-1, {}, WNOHANG): no (more) child has exited
2026/04/14 20:56:40 socat[95934] W waitpid(-1, {}, WNOHANG): no (more) child has exited
2026/04/14 21:00:01 socat[95934] W waitpid(-1, {}, WNOHANG): no (more) child has exited
2026/04/14 21:00:36 socat[95934] W waitpid(-1, {}, WNOHANG): no (more) child has exited
2026/04/14 21:04:32 socat[95934] W waitpid(-1, {}, WNOHANG): no (more) child has exited
2026/04/14 21:09:14 socat[95934] W waitpid(-1, {}, WNOHANG): no (more) child has exited
2026/04/14 21:17:01 socat[95934] W waitpid(-1, {}, WNOHANG): no (more) child has exited
2026/04/14 21:21:42 socat[95934] W waitpid(-1, {}, WNOHANG): no (more) child has exited
2026/04/14 21:29:03 socat[95934] W waitpid(-1, {}, WNOHANG): no (more) child has exited
2026/04/14 21:33:01 socat[95934] W waitpid(-1, {}, WNOHANG): no (more) child has exited
2026/04/14 21:37:40 socat[95934] W waitpid(-1, {}, WNOHANG): no (more) child has exited
2026/04/14 21:49:37 socat[95934] W waitpid(-1, {}, WNOHANG): no (more) child has exited
2026/04/14 21:49:37 socat[95934] W waitpid(-1, {}, WNOHANG): no (more) child has exited
2026/04/14 21:57:01 socat[95934] W waitpid(-1, {}, WNOHANG): no (more) child has exited
2026/04/14 22:01:01 socat[95934] W waitpid(-1, {}, WNOHANG): no (more) child has exited
2026/04/14 22:01:01 socat[95934] W waitpid(-1, {}, WNOHANG): no (more) child has exited
2026/04/14 22:05:45 socat[95934] W waitpid(-1, {}, WNOHANG): no (more) child has exited
2026/04/14 22:13:30 socat[95934] W waitpid(-1, {}, WNOHANG): no (more) child has exited
2026/04/14 22:17:56 socat[95934] W waitpid(-1, {}, WNOHANG): no (more) child has exited
2026/04/14 22:21:57 socat[95934] W waitpid(-1, {}, WNOHANG): no (more) child has exited
2026/04/14 22:25:01 socat[95934] W waitpid(-1, {}, WNOHANG): no (more) child has exited
2026/04/14 22:30:01 socat[95934] W waitpid(-1, {}, WNOHANG): no (more) child has exited
2026/04/14 22:34:01 socat[95934] W waitpid(-1, {}, WNOHANG): no (more) child has exited
2026/04/14 22:34:45 socat[95934] W waitpid(-1, {}, WNOHANG): no (more) child has exited
2026/04/14 22:54:01 socat[95934] W waitpid(-1, {}, WNOHANG): no (more) child has exited
2026/04/14 23:02:02 socat[95934] W waitpid(-1, {}, WNOHANG): no (more) child has exited
2026/04/14 23:02:50 socat[95934] W waitpid(-1, {}, WNOHANG): no (more) child has exited
2026/04/14 23:10:43 socat[95934] W waitpid(-1, {}, WNOHANG): no (more) child has exited
2026/04/14 23:14:01 socat[95934] W waitpid(-1, {}, WNOHANG): no (more) child has exited
2026/04/14 23:14:49 socat[95934] W waitpid(-1, {}, WNOHANG): no (more) child has exited
2026/04/14 23:23:01 socat[95934] W waitpid(-1, {}, WNOHANG): no (more) child has exited
2026/04/14 23:31:09 socat[95934] W waitpid(-1, {}, WNOHANG): no (more) child has exited
2026/04/14 23:40:02 socat[95934] W waitpid(-1, {}, WNOHANG): no (more) child has exited
2026/04/14 23:52:53 socat[95934] W waitpid(-1, {}, WNOHANG): no (more) child has exited
2026/04/14 23:57:05 socat[95934] W waitpid(-1, {}, WNOHANG): no (more) child has exited
2026/04/15 00:01:02 socat[95934] W waitpid(-1, {}, WNOHANG): no (more) child has exited
2026/04/15 00:01:50 socat[95934] W waitpid(-1, {}, WNOHANG): no (more) child has exited
2026/04/15 00:01:50 socat[95934] W waitpid(-1, {}, WNOHANG): no (more) child has exited
2026/04/15 00:01:57 socat[95934] W waitpid(-1, {}, WNOHANG): no (more) child has exited
2026/04/15 00:05:01 socat[95934] W waitpid(-1, {}, WNOHANG): no (more) child has exited
2026/04/15 00:10:01 socat[95934] W waitpid(-1, {}, WNOHANG): no (more) child has exited
2026/04/15 07:01:25 socat[95934] W waitpid(-1, {}, WNOHANG): no (more) child has exited
2026/04/15 07:01:42 socat[95934] W waitpid(-1, {}, WNOHANG): no (more) child has exited
2026/04/15 07:04:24 socat[95934] W waitpid(-1, {}, WNOHANG): no (more) child has exited
2026/04/15 07:04:40 socat[95934] W waitpid(-1, {}, WNOHANG): no (more) child has exited
2026/04/15 07:04:49 socat[95934] W waitpid(-1, {}, WNOHANG): no (more) child has exited
2026/04/15 07:04:57 socat[95934] W waitpid(-1, {}, WNOHANG): no (more) child has exited
2026/04/15 07:05:07 socat[95934] W waitpid(-1, {}, WNOHANG): no (more) child has exited
2026/04/15 07:05:24 socat[95934] W waitpid(-1, {}, WNOHANG): no (more) child has exited
2026/04/15 07:05:32 socat[95934] W waitpid(-1, {}, WNOHANG): no (more) child has exited
2026/04/15 07:05:40 socat[95934] W waitpid(-1, {}, WNOHANG): no (more) child has exited
2026/04/15 07:06:07 socat[95934] W waitpid(-1, {}, WNOHANG): no (more) child has exited
2026/04/15 07:06:16 socat[95934] W waitpid(-1, {}, WNOHANG): no (more) child has exited
2026/04/15 07:06:24 socat[95934] W waitpid(-1, {}, WNOHANG): no (more) child has exited
2026/04/15 07:06:51 socat[95934] W waitpid(-1, {}, WNOHANG): no (more) child has exited
2026/04/15 07:07:37 socat[95934] W waitpid(-1, {}, WNOHANG): no (more) child has exited
2026/04/15 07:07:45 socat[95934] W waitpid(-1, {}, WNOHANG): no (more) child has exited
2026/04/15 07:08:02 socat[95934] W waitpid(-1, {}, WNOHANG): no (more) child has exited
2026/04/15 07:08:02 socat[95934] W waitpid(-1, {}, WNOHANG): no (more) child has exited
2026/04/15 07:08:20 socat[95934] W waitpid(-1, {}, WNOHANG): no (more) child has exited
2026/04/15 07:10:16 socat[95934] W waitpid(-1, {}, WNOHANG): no (more) child has exited
2026/04/15 07:10:24 socat[95934] W waitpid(-1, {}, WNOHANG): no (more) child has exited
2026/04/15 07:10:32 socat[95934] W waitpid(-1, {}, WNOHANG): no (more) child has exited
2026/04/15 07:10:41 socat[95934] W waitpid(-1, {}, WNOHANG): no (more) child has exited
2026/04/15 07:11:51 socat[95934] W waitpid(-1, {}, WNOHANG): no (more) child has exited
2026/04/15 07:12:04 socat[95934] W waitpid(-1, {}, WNOHANG): no (more) child has exited
2026/04/15 07:12:17 socat[95934] W waitpid(-1, {}, WNOHANG): no (more) child has exited
2026/04/15 07:13:02 socat[95934] W waitpid(-1, {}, WNOHANG): no (more) child has exited
2026/04/15 07:13:14 socat[95934] W waitpid(-1, {}, WNOHANG): no (more) child has exited
2026/04/15 07:13:28 socat[95934] W waitpid(-1, {}, WNOHANG): no (more) child has exited
2026/04/15 20:46:48 socat[95934] W exiting on signal 15
2026/04/15 20:52:24 socat[1121] W waitpid(-1, {}, WNOHANG): no (more) child has exited
2026/04/15 20:52:41 socat[1121] W waitpid(-1, {}, WNOHANG): no (more) child has exited
2026/04/15 20:53:01 socat[1121] W waitpid(-1, {}, WNOHANG): no (more) child has exited
2026/04/15 20:54:55 socat[1121] W waitpid(-1, {}, WNOHANG): no (more) child has exited
2026/04/15 20:55:08 socat[1121] W waitpid(-1, {}, WNOHANG): no (more) child has exited
2026/04/15 20:55:16 socat[1121] W waitpid(-1, {}, WNOHANG): no (more) child has exited
2026/04/15 20:56:37 socat[1121] W waitpid(-1, {}, WNOHANG): no (more) child has exited
2026/04/15 20:57:24 socat[1121] W waitpid(-1, {}, WNOHANG): no (more) child has exited
2026/04/15 20:59:41 socat[1121] W waitpid(-1, {}, WNOHANG): no (more) child has exited
2026/04/15 20:59:59 socat[1121] W waitpid(-1, {}, WNOHANG): no (more) child has exited
2026/04/15 21:00:07 socat[1121] W waitpid(-1, {}, WNOHANG): no (more) child has exited
2026/04/15 21:00:15 socat[1121] W waitpid(-1, {}, WNOHANG): no (more) child has exited
2026/04/15 21:00:15 socat[1121] W waitpid(-1, {}, WNOHANG): no (more) child has exited
2026/04/15 21:00:23 socat[1121] W waitpid(-1, {}, WNOHANG): no (more) child has exited
2026/04/15 21:00:32 socat[1121] W waitpid(-1, {}, WNOHANG): no (more) child has exited
2026/04/15 21:00:43 socat[1121] W waitpid(-1, {}, WNOHANG): no (more) child has exited
2026/04/15 21:01:39 socat[1121] W waitpid(-1, {}, WNOHANG): no (more) child has exited
2026/04/15 21:01:46 socat[1121] W waitpid(-1, {}, WNOHANG): no (more) child has exited
2026/04/15 21:01:54 socat[1121] W waitpid(-1, {}, WNOHANG): no (more) child has exited
2026/04/15 21:02:11 socat[1121] W waitpid(-1, {}, WNOHANG): no (more) child has exited
2026/04/15 21:21:28 socat[1121] W waitpid(-1, {}, WNOHANG): no (more) child has exited
2026/04/15 21:23:54 socat[1121] W waitpid(-1, {}, WNOHANG): no (more) child has exited
2026/04/15 21:25:04 socat[1121] W waitpid(-1, {}, WNOHANG): no (more) child has exited
2026/04/15 21:25:27 socat[1121] W waitpid(-1, {}, WNOHANG): no (more) child has exited
2026/04/15 21:25:44 socat[1121] W waitpid(-1, {}, WNOHANG): no (more) child has exited
2026/04/15 21:25:44 socat[1121] W waitpid(-1, {}, WNOHANG): no (more) child has exited
2026/04/15 21:29:39 socat[3809] W connect(5, LEN=16 AF=2 127.0.0.1:3100, 16): Connection refused
2026/04/15 21:29:39 socat[3809] E TCP:127.0.0.1:3100: Connection refused
2026/04/15 21:29:56 socat[1121] W waitpid(-1, {}, WNOHANG): no (more) child has exited
2026/04/15 21:30:30 socat[1121] W waitpid(-1, {}, WNOHANG): no (more) child has exited
2026/04/15 21:33:43 socat[1121] W waitpid(-1, {}, WNOHANG): no (more) child has exited
2026/04/15 21:34:42 socat[1121] W waitpid(-1, {}, WNOHANG): no (more) child has exited
2026/04/15 21:35:45 socat[1121] W waitpid(-1, {}, WNOHANG): no (more) child has exited
2026/04/15 21:39:50 socat[1121] W waitpid(-1, {}, WNOHANG): no (more) child has exited
2026/04/15 21:39:50 socat[1121] W waitpid(-1, {}, WNOHANG): no (more) child has exited
2026/04/15 21:39:52 socat[1121] W waitpid(-1, {}, WNOHANG): no (more) child has exited
2026/04/15 21:39:55 socat[1121] W waitpid(-1, {}, WNOHANG): no (more) child has exited
2026/04/15 21:40:42 socat[1121] W waitpid(-1, {}, WNOHANG): no (more) child has exited
2026/04/15 21:40:42 socat[1121] W waitpid(-1, {}, WNOHANG): no (more) child has exited
2026/04/15 21:44:19 socat[1121] W waitpid(-1, {}, WNOHANG): no (more) child has exited
2026/04/15 21:45:58 socat[5255] W connect(5, LEN=16 AF=2 127.0.0.1:3100, 16): Connection refused
2026/04/15 21:45:58 socat[5255] E TCP:127.0.0.1:3100: Connection refused
2026/04/15 21:47:30 socat[1121] W waitpid(-1, {}, WNOHANG): no (more) child has exited
2026/04/15 21:47:51 socat[1121] W waitpid(-1, {}, WNOHANG): no (more) child has exited
2026/04/15 21:48:06 socat[1121] W waitpid(-1, {}, WNOHANG): no (more) child has exited
2026/04/15 21:55:15 socat[1121] W waitpid(-1, {}, WNOHANG): no (more) child has exited
2026/04/15 21:55:15 socat[1121] W waitpid(-1, {}, WNOHANG): no (more) child has exited
2026/04/15 21:58:16 socat[1121] W waitpid(-1, {}, WNOHANG): no (more) child has exited
2026/04/15 22:02:14 socat[1121] W waitpid(-1, {}, WNOHANG): no (more) child has exited
2026/04/15 22:02:14 socat[1121] W waitpid(-1, {}, WNOHANG): no (more) child has exited
2026/04/15 22:03:47 socat[1121] W waitpid(-1, {}, WNOHANG): no (more) child has exited
2026/04/15 22:10:33 socat[1121] W waitpid(-1, {}, WNOHANG): no (more) child has exited
2026/04/15 22:10:34 socat[1121] W waitpid(-1, {}, WNOHANG): no (more) child has exited
2026/04/15 22:10:34 socat[1121] W waitpid(-1, {}, WNOHANG): no (more) child has exited
2026/04/15 22:10:49 socat[1121] W waitpid(-1, {}, WNOHANG): no (more) child has exited
2026/04/15 22:10:53 socat[1121] W waitpid(-1, {}, WNOHANG): no (more) child has exited
2026/04/15 22:19:22 socat[1121] W waitpid(-1, {}, WNOHANG): no (more) child has exited
2026/04/15 22:20:01 socat[1121] W waitpid(-1, {}, WNOHANG): no (more) child has exited
2026/04/15 22:25:59 socat[1121] W waitpid(-1, {}, WNOHANG): no (more) child has exited
2026/04/15 22:26:51 socat[1121] W waitpid(-1, {}, WNOHANG): no (more) child has exited
2026/04/15 22:27:25 socat[1121] W waitpid(-1, {}, WNOHANG): no (more) child has exited
2026/04/15 22:29:53 socat[1121] W waitpid(-1, {}, WNOHANG): no (more) child has exited
2026/04/15 22:57:02 socat[1121] W waitpid(-1, {}, WNOHANG): no (more) child has exited
2026/04/15 22:58:26 socat[1121] W waitpid(-1, {}, WNOHANG): no (more) child has exited
2026/04/15 22:59:46 socat[1121] W waitpid(-1, {}, WNOHANG): no (more) child has exited
2026/04/15 22:59:55 socat[1121] W waitpid(-1, {}, WNOHANG): no (more) child has exited
2026/04/15 23:00:08 socat[1121] W waitpid(-1, {}, WNOHANG): no (more) child has exited
2026/04/15 23:00:08 socat[1121] W waitpid(-1, {}, WNOHANG): no (more) child has exited
2026/04/15 23:00:10 socat[1121] W waitpid(-1, {}, WNOHANG): no (more) child has exited
2026/04/15 23:01:09 socat[1121] W waitpid(-1, {}, WNOHANG): no (more) child has exited
2026/04/15 23:03:23 socat[1121] W waitpid(-1, {}, WNOHANG): no (more) child has exited
2026/04/15 23:03:32 socat[1121] W waitpid(-1, {}, WNOHANG): no (more) child has exited
2026/04/15 23:03:32 socat[1121] W waitpid(-1, {}, WNOHANG): no (more) child has exited
2026/04/15 23:03:45 socat[1121] W waitpid(-1, {}, WNOHANG): no (more) child has exited
2026/04/15 23:06:04 socat[1121] W waitpid(-1, {}, WNOHANG): no (more) child has exited
2026/04/15 23:06:26 socat[1121] W waitpid(-1, {}, WNOHANG): no (more) child has exited
2026/04/15 23:06:26 socat[1121] W waitpid(-1, {}, WNOHANG): no (more) child has exited
2026/04/15 23:07:24 socat[1121] W waitpid(-1, {}, WNOHANG): no (more) child has exited
2026/04/15 23:08:52 socat[1121] W waitpid(-1, {}, WNOHANG): no (more) child has exited
2026/04/15 23:09:14 socat[1121] W waitpid(-1, {}, WNOHANG): no (more) child has exited
2026/04/15 23:09:48 socat[8353] E read(6, 0x9d1008000, 8192): Connection reset by peer
2026/04/15 23:09:48 socat[8356] E read(6, 0x9d1008000, 8192): Connection reset by peer
2026/04/15 23:11:29 socat[1121] W waitpid(-1, {}, WNOHANG): no (more) child has exited
2026/04/15 23:11:38 socat[1121] W waitpid(-1, {}, WNOHANG): no (more) child has exited
2026/04/15 23:11:48 socat[1121] W waitpid(-1, {}, WNOHANG): no (more) child has exited
2026/04/15 23:11:48 socat[1121] W waitpid(-1, {}, WNOHANG): no (more) child has exited
2026/04/15 23:12:11 socat[1121] W waitpid(-1, {}, WNOHANG): no (more) child has exited
2026/04/15 23:12:32 socat[1121] W waitpid(-1, {}, WNOHANG): no (more) child has exited
2026/04/15 23:12:38 socat[1121] W waitpid(-1, {}, WNOHANG): no (more) child has exited
2026/04/15 23:12:38 socat[1121] W waitpid(-1, {}, WNOHANG): no (more) child has exited
2026/04/15 23:59:26 socat[1121] W waitpid(-1, {}, WNOHANG): no (more) child has exited
2026/04/16 00:13:26 socat[1121] W waitpid(-1, {}, WNOHANG): no (more) child has exited
2026/04/16 00:17:24 socat[1121] W waitpid(-1, {}, WNOHANG): no (more) child has exited
2026/04/16 00:55:26 socat[1121] W waitpid(-1, {}, WNOHANG): no (more) child has exited
2026/04/16 01:02:26 socat[1121] W waitpid(-1, {}, WNOHANG): no (more) child has exited
2026/04/16 01:09:26 socat[1121] W waitpid(-1, {}, WNOHANG): no (more) child has exited
2026/04/16 01:20:26 socat[1121] W waitpid(-1, {}, WNOHANG): no (more) child has exited
2026/04/16 01:34:26 socat[1121] W waitpid(-1, {}, WNOHANG): no (more) child has exited
2026/04/16 01:55:26 socat[1121] W waitpid(-1, {}, WNOHANG): no (more) child has exited
2026/04/16 02:09:26 socat[1121] W waitpid(-1, {}, WNOHANG): no (more) child has exited
2026/04/16 02:13:25 socat[1121] W waitpid(-1, {}, WNOHANG): no (more) child has exited
2026/04/16 02:41:26 socat[1121] W waitpid(-1, {}, WNOHANG): no (more) child has exited
2026/04/16 02:59:25 socat[1121] W waitpid(-1, {}, WNOHANG): no (more) child has exited
2026/04/16 03:20:24 socat[1121] W waitpid(-1, {}, WNOHANG): no (more) child has exited
2026/04/16 03:30:26 socat[1121] W waitpid(-1, {}, WNOHANG): no (more) child has exited
2026/04/16 03:37:27 socat[1121] W waitpid(-1, {}, WNOHANG): no (more) child has exited
2026/04/16 03:55:25 socat[1121] W waitpid(-1, {}, WNOHANG): no (more) child has exited
2026/04/16 03:58:27 socat[1121] W waitpid(-1, {}, WNOHANG): no (more) child has exited
2026/04/16 04:09:25 socat[1121] W waitpid(-1, {}, WNOHANG): no (more) child has exited
2026/04/16 04:51:27 socat[1121] W waitpid(-1, {}, WNOHANG): no (more) child has exited
2026/04/16 05:17:25 socat[1121] W waitpid(-1, {}, WNOHANG): no (more) child has exited
2026/04/16 05:20:27 socat[1121] W waitpid(-1, {}, WNOHANG): no (more) child has exited
2026/04/16 05:27:26 socat[1121] W waitpid(-1, {}, WNOHANG): no (more) child has exited
2026/04/16 05:55:27 socat[1121] W waitpid(-1, {}, WNOHANG): no (more) child has exited
2026/04/16 06:09:27 socat[1121] W waitpid(-1, {}, WNOHANG): no (more) child has exited
2026/04/16 06:17:26 socat[1121] W waitpid(-1, {}, WNOHANG): no (more) child has exited
2026/04/16 06:32:26 socat[1121] W waitpid(-1, {}, WNOHANG): no (more) child has exited
2026/04/16 06:55:27 socat[1121] W waitpid(-1, {}, WNOHANG): no (more) child has exited
2026/04/16 07:02:27 socat[1121] W waitpid(-1, {}, WNOHANG): no (more) child has exited
2026/04/16 07:25:27 socat[1121] W waitpid(-1, {}, WNOHANG): no (more) child has exited
2026/04/16 07:48:24 socat[1121] W waitpid(-1, {}, WNOHANG): no (more) child has exited
2026/04/16 07:51:32 socat[1121] W waitpid(-1, {}, WNOHANG): no (more) child has exited
2026/04/16 07:55:13 socat[1121] W waitpid(-1, {}, WNOHANG): no (more) child has exited
2026/04/16 07:55:47 socat[1121] W waitpid(-1, {}, WNOHANG): no (more) child has exited
2026/04/16 07:56:06 socat[1121] W waitpid(-1, {}, WNOHANG): no (more) child has exited
2026/04/16 07:56:09 socat[1121] W waitpid(-1, {}, WNOHANG): no (more) child has exited
2026/04/16 07:56:28 socat[17077] E read(6, 0x9d1008000, 8192): Connection reset by peer
2026/04/16 07:56:28 socat[17079] E read(6, 0x9d1008000, 8192): Connection reset by peer
2026/04/16 07:56:28 socat[17080] E read(6, 0x9d1008000, 8192): Connection reset by peer
2026/04/16 07:56:28 socat[17076] E read(6, 0x9d1008000, 8192): Connection reset by peer
2026/04/16 07:59:26 socat[1121] W waitpid(-1, {}, WNOHANG): no (more) child has exited
2026/04/16 07:59:27 socat[1121] W waitpid(-1, {}, WNOHANG): no (more) child has exited
2026/04/16 07:59:35 socat[1121] W waitpid(-1, {}, WNOHANG): no (more) child has exited
2026/04/16 07:59:46 socat[1121] W waitpid(-1, {}, WNOHANG): no (more) child has exited
2026/04/16 07:59:46 socat[1121] W waitpid(-1, {}, WNOHANG): no (more) child has exited
2026/04/16 07:59:48 socat[1121] W waitpid(-1, {}, WNOHANG): no (more) child has exited
2026/04/16 08:00:34 socat[1121] W waitpid(-1, {}, WNOHANG): no (more) child has exited
2026/04/16 08:02:16 socat[1121] W waitpid(-1, {}, WNOHANG): no (more) child has exited
2026/04/16 08:19:18 socat[1121] W waitpid(-1, {}, WNOHANG): no (more) child has exited
2026/04/16 08:37:16 socat[1121] W waitpid(-1, {}, WNOHANG): no (more) child has exited
2026/04/16 08:44:16 socat[1121] W waitpid(-1, {}, WNOHANG): no (more) child has exited
2026/04/16 08:58:16 socat[1121] W waitpid(-1, {}, WNOHANG): no (more) child has exited
2026/04/16 09:19:16 socat[1121] W waitpid(-1, {}, WNOHANG): no (more) child has exited
2026/04/16 09:40:16 socat[1121] W waitpid(-1, {}, WNOHANG): no (more) child has exited
2026/04/16 09:43:18 socat[1121] W waitpid(-1, {}, WNOHANG): no (more) child has exited
2026/04/16 09:54:16 socat[1121] W waitpid(-1, {}, WNOHANG): no (more) child has exited
2026/04/16 09:57:18 socat[1121] W waitpid(-1, {}, WNOHANG): no (more) child has exited
2026/04/16 10:01:17 socat[1121] W waitpid(-1, {}, WNOHANG): no (more) child has exited
2026/04/16 11:08:16 socat[1121] W waitpid(-1, {}, WNOHANG): no (more) child has exited
2026/04/16 11:22:17 socat[1121] W waitpid(-1, {}, WNOHANG): no (more) child has exited
2026/04/16 11:32:19 socat[1121] W waitpid(-1, {}, WNOHANG): no (more) child has exited
2026/04/16 11:39:19 socat[1121] W waitpid(-1, {}, WNOHANG): no (more) child has exited
2026/04/16 11:46:19 socat[1121] W waitpid(-1, {}, WNOHANG): no (more) child has exited
2026/04/16 12:04:16 socat[1121] W waitpid(-1, {}, WNOHANG): no (more) child has exited
2026/04/16 12:32:16 socat[1121] W waitpid(-1, {}, WNOHANG): no (more) child has exited
2026/04/16 12:56:19 socat[1121] W waitpid(-1, {}, WNOHANG): no (more) child has exited
2026/04/16 13:24:19 socat[1121] W waitpid(-1, {}, WNOHANG): no (more) child has exited
2026/04/16 13:31:18 socat[1121] W waitpid(-1, {}, WNOHANG): no (more) child has exited
2026/04/16 13:49:17 socat[1121] W waitpid(-1, {}, WNOHANG): no (more) child has exited
2026/04/16 13:52:20 socat[1121] W waitpid(-1, {}, WNOHANG): no (more) child has exited
2026/04/16 13:56:22 socat[1121] W waitpid(-1, {}, WNOHANG): no (more) child has exited
2026/04/16 13:56:31 socat[1121] W waitpid(-1, {}, WNOHANG): no (more) child has exited
2026/04/16 13:56:41 socat[1121] W waitpid(-1, {}, WNOHANG): no (more) child has exited
2026/04/16 15:01:39 socat[1121] W waitpid(-1, {}, WNOHANG): no (more) child has exited
2026/04/16 15:03:28 socat[1121] W waitpid(-1, {}, WNOHANG): no (more) child has exited
2026/04/16 15:03:42 socat[1121] W waitpid(-1, {}, WNOHANG): no (more) child has exited
2026/04/16 15:08:19 socat[1121] W waitpid(-1, {}, WNOHANG): no (more) child has exited
2026/04/16 15:08:28 socat[1121] W waitpid(-1, {}, WNOHANG): no (more) child has exited
2026/04/16 15:08:38 socat[1121] W waitpid(-1, {}, WNOHANG): no (more) child has exited
2026/04/16 15:08:41 socat[1121] W waitpid(-1, {}, WNOHANG): no (more) child has exited
2026/04/16 15:08:57 socat[1121] W waitpid(-1, {}, WNOHANG): no (more) child has exited
2026/04/16 15:08:59 socat[1121] W waitpid(-1, {}, WNOHANG): no (more) child has exited
2026/04/16 15:09:13 socat[1121] W waitpid(-1, {}, WNOHANG): no (more) child has exited
2026/04/16 15:09:15 socat[1121] W waitpid(-1, {}, WNOHANG): no (more) child has exited
2026/04/16 15:11:06 socat[1121] W waitpid(-1, {}, WNOHANG): no (more) child has exited
2026/04/16 15:13:31 socat[1121] W waitpid(-1, {}, WNOHANG): no (more) child has exited
2026/04/16 15:13:31 socat[1121] W waitpid(-1, {}, WNOHANG): no (more) child has exited
2026/04/16 15:13:41 socat[1121] W waitpid(-1, {}, WNOHANG): no (more) child has exited
2026/04/16 15:13:41 socat[1121] W waitpid(-1, {}, WNOHANG): no (more) child has exited
2026/04/16 15:14:17 socat[1121] W waitpid(-1, {}, WNOHANG): no (more) child has exited
2026/04/16 15:14:18 socat[1121] W waitpid(-1, {}, WNOHANG): no (more) child has exited
2026/04/16 15:14:18 socat[1121] W waitpid(-1, {}, WNOHANG): no (more) child has exited
2026/04/16 15:16:23 socat[1121] W waitpid(-1, {}, WNOHANG): no (more) child has exited
2026/04/16 15:16:32 socat[1121] W waitpid(-1, {}, WNOHANG): no (more) child has exited
2026/04/16 15:16:41 socat[1121] W waitpid(-1, {}, WNOHANG): no (more) child has exited
2026/04/16 15:16:50 socat[1121] W waitpid(-1, {}, WNOHANG): no (more) child has exited
2026/04/16 15:16:50 socat[1121] W waitpid(-1, {}, WNOHANG): no (more) child has exited
2026/04/16 15:16:52 socat[1121] W waitpid(-1, {}, WNOHANG): no (more) child has exited
2026/04/16 15:21:17 socat[1121] W waitpid(-1, {}, WNOHANG): no (more) child has exited
2026/04/16 15:21:36 socat[1121] W waitpid(-1, {}, WNOHANG): no (more) child has exited
2026/04/16 15:22:36 socat[1121] W waitpid(-1, {}, WNOHANG): no (more) child has exited
2026/04/16 15:22:36 socat[1121] W waitpid(-1, {}, WNOHANG): no (more) child has exited
2026/04/16 15:30:27 socat[1121] W waitpid(-1, {}, WNOHANG): no (more) child has exited
2026/04/16 15:32:52 socat[1121] W waitpid(-1, {}, WNOHANG): no (more) child has exited
2026/04/16 15:34:56 socat[24835] W connect(5, LEN=16 AF=2 127.0.0.1:3100, 16): Connection refused
2026/04/16 15:34:56 socat[24835] E TCP:127.0.0.1:3100: Connection refused
2026/04/16 15:35:09 socat[1121] W waitpid(-1, {}, WNOHANG): no (more) child has exited
2026/04/16 15:35:28 socat[1121] W waitpid(-1, {}, WNOHANG): no (more) child has exited
2026/04/16 15:35:37 socat[1121] W waitpid(-1, {}, WNOHANG): no (more) child has exited
2026/04/16 15:36:05 socat[1121] W waitpid(-1, {}, WNOHANG): no (more) child has exited
2026/04/16 15:36:49 socat[1121] W waitpid(-1, {}, WNOHANG): no (more) child has exited
2026/04/16 15:39:10 socat[1121] W waitpid(-1, {}, WNOHANG): no (more) child has exited
2026/04/16 15:39:46 socat[1121] W waitpid(-1, {}, WNOHANG): no (more) child has exited
2026/04/16 15:40:26 socat[25226] W connect(5, LEN=16 AF=2 127.0.0.1:3100, 16): Connection refused
2026/04/16 15:40:26 socat[25226] E TCP:127.0.0.1:3100: Connection refused
2026/04/16 15:40:37 socat[1121] W waitpid(-1, {}, WNOHANG): no (more) child has exited
2026/04/16 15:41:33 socat[1121] W waitpid(-1, {}, WNOHANG): no (more) child has exited
2026/04/16 15:47:30 socat[1121] W waitpid(-1, {}, WNOHANG): no (more) child has exited
2026/04/16 15:50:36 socat[1121] W waitpid(-1, {}, WNOHANG): no (more) child has exited
2026/04/16 15:55:14 socat[1121] W waitpid(-1, {}, WNOHANG): no (more) child has exited
2026/04/16 15:58:13 socat[1121] W waitpid(-1, {}, WNOHANG): no (more) child has exited
2026/04/16 15:58:24 socat[1121] W waitpid(-1, {}, WNOHANG): no (more) child has exited
2026/04/16 16:03:14 socat[1121] W waitpid(-1, {}, WNOHANG): no (more) child has exited
2026/04/16 16:10:15 socat[26442] W connect(5, LEN=16 AF=2 127.0.0.1:3100, 16): Connection refused
2026/04/16 16:10:15 socat[26442] E TCP:127.0.0.1:3100: Connection refused
2026/04/16 16:10:15 socat[26443] W connect(5, LEN=16 AF=2 127.0.0.1:3100, 16): Connection refused
2026/04/16 16:10:15 socat[26443] E TCP:127.0.0.1:3100: Connection refused
2026/04/16 16:10:30 socat[1121] W waitpid(-1, {}, WNOHANG): no (more) child has exited
2026/04/16 16:11:18 socat[1121] W waitpid(-1, {}, WNOHANG): no (more) child has exited
2026/04/16 16:11:24 socat[1121] W waitpid(-1, {}, WNOHANG): no (more) child has exited
2026/04/16 16:13:24 socat[26671] W connect(5, LEN=16 AF=2 127.0.0.1:3100, 16): Connection refused
2026/04/16 16:13:24 socat[26671] E TCP:127.0.0.1:3100: Connection refused
2026/04/16 16:13:24 socat[26672] W connect(5, LEN=16 AF=2 127.0.0.1:3100, 16): Connection refused
2026/04/16 16:13:24 socat[26672] E TCP:127.0.0.1:3100: Connection refused
2026/04/16 16:13:35 socat[1121] W waitpid(-1, {}, WNOHANG): no (more) child has exited
2026/04/16 16:13:35 socat[1121] W waitpid(-1, {}, WNOHANG): no (more) child has exited
2026/04/16 16:13:41 socat[1121] W waitpid(-1, {}, WNOHANG): no (more) child has exited
2026/04/16 16:14:14 socat[1121] W waitpid(-1, {}, WNOHANG): no (more) child has exited
2026/04/16 16:15:01 socat[1121] W waitpid(-1, {}, WNOHANG): no (more) child has exited
2026/04/16 16:15:07 socat[1121] W waitpid(-1, {}, WNOHANG): no (more) child has exited
2026/04/16 16:15:07 socat[1121] W waitpid(-1, {}, WNOHANG): no (more) child has exited
2026/04/16 16:15:07 socat[1121] W waitpid(-1, {}, WNOHANG): no (more) child has exited
2026/04/16 16:16:14 socat[1121] W waitpid(-1, {}, WNOHANG): no (more) child has exited
2026/04/16 16:43:59 socat[1121] W waitpid(-1, {}, WNOHANG): no (more) child has exited
2026/04/16 16:46:17 socat[1121] W waitpid(-1, {}, WNOHANG): no (more) child has exited
2026/04/16 16:47:26 socat[1121] W waitpid(-1, {}, WNOHANG): no (more) child has exited
2026/04/16 16:47:30 socat[1121] W waitpid(-1, {}, WNOHANG): no (more) child has exited
2026/04/16 16:48:40 socat[27578] E read(5, 0x9d1008000, 8192): Connection reset by peer
2026/04/16 16:49:24 socat[27738] W connect(5, LEN=16 AF=2 127.0.0.1:3100, 16): Connection refused
2026/04/16 16:49:24 socat[27738] E TCP:127.0.0.1:3100: Connection refused
2026/04/16 16:49:24 socat[27739] W connect(5, LEN=16 AF=2 127.0.0.1:3100, 16): Connection refused
2026/04/16 16:49:24 socat[27739] E TCP:127.0.0.1:3100: Connection refused
2026/04/16 16:49:35 socat[1121] W waitpid(-1, {}, WNOHANG): no (more) child has exited
2026/04/16 16:49:48 socat[1121] W waitpid(-1, {}, WNOHANG): no (more) child has exited
2026/04/16 16:49:48 socat[1121] W waitpid(-1, {}, WNOHANG): no (more) child has exited
2026/04/16 16:49:55 socat[1121] W waitpid(-1, {}, WNOHANG): no (more) child has exited
2026/04/16 16:54:13 socat[1121] W waitpid(-1, {}, WNOHANG): no (more) child has exited
2026/04/16 17:00:32 socat[1121] W waitpid(-1, {}, WNOHANG): no (more) child has exited
2026/04/16 17:03:14 socat[1121] W waitpid(-1, {}, WNOHANG): no (more) child has exited
2026/04/16 17:09:14 socat[1121] W waitpid(-1, {}, WNOHANG): no (more) child has exited
2026/04/16 17:13:14 socat[1121] W waitpid(-1, {}, WNOHANG): no (more) child has exited
2026/04/16 17:28:32 socat[1121] W waitpid(-1, {}, WNOHANG): no (more) child has exited
2026/04/16 17:28:32 socat[1121] W waitpid(-1, {}, WNOHANG): no (more) child has exited
2026/04/16 17:37:22 socat[1121] W waitpid(-1, {}, WNOHANG): no (more) child has exited
2026/04/16 17:40:14 socat[1121] W waitpid(-1, {}, WNOHANG): no (more) child has exited
2026/04/16 17:45:14 socat[1121] W waitpid(-1, {}, WNOHANG): no (more) child has exited
2026/04/16 17:56:33 socat[1121] W waitpid(-1, {}, WNOHANG): no (more) child has exited
2026/04/16 18:02:14 socat[1121] W waitpid(-1, {}, WNOHANG): no (more) child has exited
2026/04/16 18:03:32 socat[1121] W waitpid(-1, {}, WNOHANG): no (more) child has exited
2026/04/16 18:11:14 socat[1121] W waitpid(-1, {}, WNOHANG): no (more) child has exited
2026/04/16 18:15:14 socat[1121] W waitpid(-1, {}, WNOHANG): no (more) child has exited
2026/04/16 18:25:14 socat[1121] W waitpid(-1, {}, WNOHANG): no (more) child has exited
2026/04/16 18:45:32 socat[1121] W waitpid(-1, {}, WNOHANG): no (more) child has exited
2026/04/16 18:52:14 socat[1121] W waitpid(-1, {}, WNOHANG): no (more) child has exited
2026/04/16 19:06:14 socat[1121] W waitpid(-1, {}, WNOHANG): no (more) child has exited
2026/04/16 19:12:41 socat[1121] W waitpid(-1, {}, WNOHANG): no (more) child has exited
2026/04/16 19:12:41 socat[1121] W waitpid(-1, {}, WNOHANG): no (more) child has exited
2026/04/16 19:18:18 socat[1121] W waitpid(-1, {}, WNOHANG): no (more) child has exited
2026/04/16 19:34:14 socat[1121] W waitpid(-1, {}, WNOHANG): no (more) child has exited
2026/04/16 19:39:36 socat[1121] W waitpid(-1, {}, WNOHANG): no (more) child has exited
2026/04/16 19:40:14 socat[1121] W waitpid(-1, {}, WNOHANG): no (more) child has exited
2026/04/16 19:41:33 socat[1121] W waitpid(-1, {}, WNOHANG): no (more) child has exited
2026/04/16 20:00:14 socat[1121] W waitpid(-1, {}, WNOHANG): no (more) child has exited
2026/04/16 20:06:14 socat[1121] W waitpid(-1, {}, WNOHANG): no (more) child has exited
2026/04/16 20:11:14 socat[1121] W waitpid(-1, {}, WNOHANG): no (more) child has exited
2026/04/16 20:32:49 socat[34647] W connect(5, LEN=16 AF=2 127.0.0.1:3100, 16): Connection refused
2026/04/16 20:32:49 socat[34647] E TCP:127.0.0.1:3100: Connection refused
2026/04/16 20:32:49 socat[34651] W connect(5, LEN=16 AF=2 127.0.0.1:3100, 16): Connection refused
2026/04/16 20:54:11 socat[60900] E read(5, 0x9d1008000, 8192): Connection reset by peer
2026/04/16 20:54:11 socat[60899] E read(5, 0x9d1008000, 8192): Connection reset by peer
2026/04/16 20:59:14 socat[61231] E read(5, 0x9d1008000, 8192): Connection reset by peer
2026/04/16 20:59:14 socat[61228] E read(5, 0x9d1008000, 8192): Connection reset by peer
2026/04/16 21:00:07 socat[64759] W connect(5, LEN=16 AF=2 127.0.0.1:3100, 16): Connection refused
2026/04/16 21:00:07 socat[64760] W connect(5, LEN=16 AF=2 127.0.0.1:3100, 16): Connection refused
2026/04/16 21:00:07 socat[64759] E TCP:127.0.0.1:3100: Connection refused
2026/04/16 21:00:07 socat[64760] E TCP:127.0.0.1:3100: Connection refused
2026/04/16 21:01:07 socat[64817] W connect(5, LEN=16 AF=2 127.0.0.1:3100, 16): Connection refused
2026/04/16 21:01:07 socat[64817] E TCP:127.0.0.1:3100: Connection refused
2026/04/16 21:01:07 socat[64818] W connect(5, LEN=16 AF=2 127.0.0.1:3100, 16): Connection refused
2026/04/16 21:01:07 socat[64818] E TCP:127.0.0.1:3100: Connection refused
2026/04/16 21:02:07 socat[64880] W connect(5, LEN=16 AF=2 127.0.0.1:3100, 16): Connection refused
2026/04/16 21:02:07 socat[64880] E TCP:127.0.0.1:3100: Connection refused
2026/04/16 21:02:07 socat[64881] W connect(5, LEN=16 AF=2 127.0.0.1:3100, 16): Connection refused
2026/04/16 21:02:07 socat[64881] E TCP:127.0.0.1:3100: Connection refused
2026/04/16 21:03:07 socat[64958] W connect(5, LEN=16 AF=2 127.0.0.1:3100, 16): Connection refused
2026/04/16 21:03:07 socat[64958] E TCP:127.0.0.1:3100: Connection refused
2026/04/16 21:03:07 socat[64959] W connect(5, LEN=16 AF=2 127.0.0.1:3100, 16): Connection refused
2026/04/16 21:03:07 socat[64959] E TCP:127.0.0.1:3100: Connection refused
2026/04/16 21:04:07 socat[65025] W connect(5, LEN=16 AF=2 127.0.0.1:3100, 16): Connection refused
2026/04/16 21:04:07 socat[65025] E TCP:127.0.0.1:3100: Connection refused
2026/04/16 21:04:07 socat[65026] W connect(5, LEN=16 AF=2 127.0.0.1:3100, 16): Connection refused
2026/04/16 21:04:07 socat[65026] E TCP:127.0.0.1:3100: Connection refused
2026/04/16 21:05:07 socat[65100] W connect(5, LEN=16 AF=2 127.0.0.1:3100, 16): Connection refused
2026/04/16 21:05:07 socat[65101] W connect(5, LEN=16 AF=2 127.0.0.1:3100, 16): Connection refused
2026/04/16 21:05:07 socat[65100] E TCP:127.0.0.1:3100: Connection refused
2026/04/16 21:05:07 socat[65101] E TCP:127.0.0.1:3100: Connection refused
2026/04/16 21:06:07 socat[65171] W connect(5, LEN=16 AF=2 127.0.0.1:3100, 16): Connection refused
2026/04/16 21:06:07 socat[65171] E TCP:127.0.0.1:3100: Connection refused
2026/04/16 21:06:07 socat[65172] W connect(5, LEN=16 AF=2 127.0.0.1:3100, 16): Connection refused
2026/04/16 21:06:07 socat[65172] E TCP:127.0.0.1:3100: Connection refused
2026/04/16 21:07:07 socat[65234] W connect(5, LEN=16 AF=2 127.0.0.1:3100, 16): Connection refused
2026/04/16 21:07:07 socat[65234] E TCP:127.0.0.1:3100: Connection refused
2026/04/16 21:07:07 socat[65235] W connect(5, LEN=16 AF=2 127.0.0.1:3100, 16): Connection refused
2026/04/16 21:07:07 socat[65235] E TCP:127.0.0.1:3100: Connection refused
2026/04/16 21:08:07 socat[65305] W connect(5, LEN=16 AF=2 127.0.0.1:3100, 16): Connection refused
2026/04/16 21:08:07 socat[65305] E TCP:127.0.0.1:3100: Connection refused
2026/04/16 21:08:07 socat[65306] W connect(5, LEN=16 AF=2 127.0.0.1:3100, 16): Connection refused
2026/04/16 21:08:07 socat[65306] E TCP:127.0.0.1:3100: Connection refused
2026/04/16 21:09:07 socat[65381] W connect(5, LEN=16 AF=2 127.0.0.1:3100, 16): Connection refused
2026/04/16 21:09:07 socat[65382] W connect(5, LEN=16 AF=2 127.0.0.1:3100, 16): Connection refused
2026/04/16 21:09:07 socat[65381] E TCP:127.0.0.1:3100: Connection refused
2026/04/16 21:09:07 socat[65382] E TCP:127.0.0.1:3100: Connection refused
2026/04/16 21:10:07 socat[65458] W connect(5, LEN=16 AF=2 127.0.0.1:3100, 16): Connection refused
2026/04/16 21:10:07 socat[65458] E TCP:127.0.0.1:3100: Connection refused
2026/04/16 21:10:07 socat[65459] W connect(5, LEN=16 AF=2 127.0.0.1:3100, 16): Connection refused
2026/04/16 23:13:19 socat[22666] W waitpid(-1, {}, WNOHANG): no (more) child has exited
2026/04/16 23:45:07 socat[22666] W waitpid(-1, {}, WNOHANG): no (more) child has exited
2026/04/17 01:11:05 socat[22666] W waitpid(-1, {}, WNOHANG): no (more) child has exited
2026/04/17 01:11:18 socat[22666] W waitpid(-1, {}, WNOHANG): no (more) child has exited
2026/04/17 01:12:25 socat[22666] W waitpid(-1, {}, WNOHANG): no (more) child has exited
2026/04/17 06:48:31 socat[22666] W waitpid(-1, {}, WNOHANG): no (more) child has exited
2026/04/17 06:56:27 socat[22666] W waitpid(-1, {}, WNOHANG): no (more) child has exited
2026/04/17 06:57:23 socat[22666] W waitpid(-1, {}, WNOHANG): no (more) child has exited
2026/04/17 07:41:07 socat[22666] W waitpid(-1, {}, WNOHANG): no (more) child has exited
2026/04/17 08:58:08 socat[22666] W waitpid(-1, {}, WNOHANG): no (more) child has exited
2026/04/17 11:00:25 socat[50155] E read(6, 0x9fb404000, 8192): Connection reset by peer
2026/04/17 11:00:41 socat[22666] W waitpid(-1, {}, WNOHANG): no (more) child has exited
2026/04/17 12:01:08 socat[61505] E read(6, 0x9fb404000, 8192): Connection reset by peer
2026/04/17 12:01:15 socat[22666] W waitpid(-1, {}, WNOHANG): no (more) child has exited
2026/04/17 12:04:32 socat[22666] W waitpid(-1, {}, WNOHANG): no (more) child has exited
2026/04/17 12:35:08 socat[22666] W waitpid(-1, {}, WNOHANG): no (more) child has exited
2026/04/17 13:38:07 socat[22666] W waitpid(-1, {}, WNOHANG): no (more) child has exited
2026/04/17 13:38:07 socat[22666] W waitpid(-1, {}, WNOHANG): no (more) child has exited
2026/04/17 14:41:08 socat[22666] W waitpid(-1, {}, WNOHANG): no (more) child has exited
2026/04/17 15:02:09 socat[22666] W waitpid(-1, {}, WNOHANG): no (more) child has exited
2026/04/17 15:23:08 socat[22666] W waitpid(-1, {}, WNOHANG): no (more) child has exited
2026/04/17 15:44:08 socat[22666] W waitpid(-1, {}, WNOHANG): no (more) child has exited
2026/04/17 16:19:08 socat[22666] W waitpid(-1, {}, WNOHANG): no (more) child has exited
2026/04/17 16:54:08 socat[22666] W waitpid(-1, {}, WNOHANG): no (more) child has exited
2026/04/17 17:16:46 socat[63519] E read(6, 0x9fb404000, 8192): Connection reset by peer
2026/04/17 17:18:03 socat[22666] W waitpid(-1, {}, WNOHANG): no (more) child has exited
2026/04/17 17:18:59 socat[22666] W waitpid(-1, {}, WNOHANG): no (more) child has exited
2026/04/17 17:36:34 socat[22666] W waitpid(-1, {}, WNOHANG): no (more) child has exited
2026/04/17 17:36:54 socat[22666] W waitpid(-1, {}, WNOHANG): no (more) child has exited
2026/04/17 17:38:08 socat[22666] W waitpid(-1, {}, WNOHANG): no (more) child has exited
2026/04/17 17:41:00 socat[22666] W waitpid(-1, {}, WNOHANG): no (more) child has exited
2026/04/17 17:44:20 socat[22666] W waitpid(-1, {}, WNOHANG): no (more) child has exited
2026/04/17 17:57:09 socat[22666] W waitpid(-1, {}, WNOHANG): no (more) child has exited
2026/04/17 18:02:42 socat[22666] W waitpid(-1, {}, WNOHANG): no (more) child has exited
2026/04/17 18:03:26 socat[22666] W waitpid(-1, {}, WNOHANG): no (more) child has exited
2026/04/17 18:03:26 socat[22666] W waitpid(-1, {}, WNOHANG): no (more) child has exited
