[CEO] ERR: [33mError: Your macOS login keychain is locked.[0m
Run [36msecurity unlock-keychain[0m and try again.
[Process Chain Manager] ERR: [33mError: Your macOS login keychain is locked.[0m
Run [36msecurity unlock-keychain[0m and try again.
[Process Chain Manager] ERR: [33mError: Your macOS login keychain is locked.[0m
Run [36msecurity unlock-keychain[0m and try again.
[Process Chain Manager] ERR: [33mError: Your macOS login keychain is locked.[0m
Run [36msecurity unlock-keychain[0m and try again.
[Founding Engineer] ERR: [33mError: Your macOS login keychain is locked.[0m
Run [36msecurity unlock-keychain[0m and try again.
[Backend Engineer] ERR: [33mError: Your macOS login keychain is locked.[0m
Run [36msecurity unlock-keychain[0m and try again.
[Process Chain Manager] ERR: [33mError: Your macOS login keychain is locked.[0m
Run [36msecurity unlock-keychain[0m and try again.
[Process Chain Manager] ERR: [33mError: Your macOS login keychain is locked.[0m
Run [36msecurity unlock-keychain[0m and try again.
[Founding Engineer] ERR: [33mError: Your macOS login keychain is locked.[0m
Run [36msecurity unlock-keychain[0m and try again.
[Founding Engineer] ERR: [33mError: Your macOS login keychain is locked.[0m
Run [36msecurity unlock-keychain[0m and try again.
[Process Chain Manager] ERR: [33mError: Your macOS login keychain is locked.[0m
Run [36msecurity unlock-keychain[0m and try again.
[Process Chain Manager] ERR: [33mError: Your macOS login keychain is locked.[0m
Run [36msecurity unlock-keychain[0m and try again.
!! Poll error: fetch failed
!! Poll error: fetch failed
!! Poll error: fetch failed
!! Poll error: fetch failed
!! Poll error: fetch failed
!! Poll error: fetch failed
!! Poll error: fetch failed
!! Poll error: fetch failed
!! Poll error: fetch failed
!! Poll error: fetch failed
!! Poll error: fetch failed
!! Poll error: fetch failed
!! Poll error: fetch failed
!! Poll error: fetch failed
!! Poll error: fetch failed
!! Poll error: fetch failed
!! Poll error: fetch failed
!! Poll error: fetch failed
!! Poll error: fetch failed
!! Poll error: fetch failed
!! Poll error: fetch failed
!! Poll error: fetch failed
!! Poll error: fetch failed
!! Poll error: fetch failed
!! Poll error: fetch failed
!! Poll error: fetch failed
!! Poll error: fetch failed
!! Poll error: fetch failed
!! Poll error: fetch failed
!! Poll error: fetch failed
!! Poll error: fetch failed
!! Poll error: fetch failed
!! Poll error: fetch failed
!! Poll error: fetch failed
!! Poll error: fetch failed
!! Poll error: fetch failed
[Process Chain Manager] ERR: Error: Authentication required. Please run 'agent login' first, or set CURSOR_API_KEY environment variable.
[CEO] ERR: Error: Authentication required. Please run 'agent login' first, or set CURSOR_API_KEY environment variable.
!! Poll error: fetch failed
!! Poll error: fetch failed
!! Poll error: fetch failed
!! Poll error: fetch failed
!! Poll error: fetch failed
!! Poll error: fetch failed
!! Poll error: fetch failed
!! Poll error: fetch failed
!! Poll error: fetch failed
!! Poll error: fetch failed
!! Poll error: fetch failed
!! Poll error: fetch failed
!! Poll error: fetch failed
!! Poll error: fetch failed
!! Poll error: fetch failed
!! Poll error: fetch failed
!! Poll error: fetch failed
!! Poll error: fetch failed
!! Poll error: fetch failed
!! Poll error: fetch failed
!! Poll error: fetch failed
!! Poll error: fetch failed
!! Poll error: fetch failed
!! Poll error: fetch failed
!! Poll error: fetch failed
!! Poll error: fetch failed
!! Poll error: fetch failed
!! Poll error: fetch failed
!! Poll error: fetch failed
!! Poll error: fetch failed
!! Poll error: fetch failed
!! Poll error: fetch failed
!! Poll error: fetch failed
!! Poll error: fetch failed
!! Poll error: fetch failed
!! Poll error: fetch failed
!! Poll error: fetch failed
!! Poll error: fetch failed
!! Poll error: fetch failed
!! Poll error: fetch failed
!! Poll error: fetch failed
!! Poll error: fetch failed
!! Poll error: fetch failed
!! Poll error: fetch failed
!! Poll error: fetch failed
!! Poll error: fetch failed
!! Poll error: fetch failed
!! Poll error: fetch failed
!! Poll error: fetch failed
!! Poll error: fetch failed
!! Poll error: fetch failed
!! Poll error: fetch failed
!! Poll error: fetch failed
!! Poll error: fetch failed
!! Poll error: fetch failed
Poll error: fetch failed
!! Poll error: fetch failed
!! Poll error: fetch failed
!! Poll error: fetch failed
!! Poll error: fetch failed
!! Poll error: fetch failed
!! Poll error: fetch failed
!! Poll error: fetch failed
!! Poll error: fetch failed
!! Poll error: fetch failed
!! Poll error: fetch failed
!! Poll error: fetch failed
!! Poll error: fetch failed
!! Poll error: fetch failed
!! Poll error: fetch failed
!! Poll error: fetch failed
!! Poll error: fetch failed
!! Poll error: fetch failed
!! Poll error: fetch failed
!! Poll error: fetch failed
!! Poll error: fetch failed
!! Poll error: fetch failed
!! Poll error: fetch failed
!! Poll error: fetch failed
!! Poll error: fetch failed
!! Poll error: fetch failed
!! Poll error: fetch failed
!! Poll error: fetch failed
!! Poll error: fetch failed
!! Poll error: fetch failed
!! Poll error: fetch failed
!! Poll error: fetch failed
!! Poll error: fetch failed
[Process Chain Manager] ERR: Error: [unavailable] getaddrinfo ENOTFOUND api2.cursor.sh
[Process Chain Manager] ERR: Error: [unavailable] getaddrinfo ENOTFOUND api2.cursor.sh
[Process Chain Manager] ERR: Error: [unavailable] getaddrinfo ENOTFOUND api2.cursor.sh
!! Poll error: fetch failed
!! Poll error: fetch failed
!! Poll error: fetch failed
!! Poll error: fetch failed
!! Poll error: fetch failed
!! Poll error: fetch failed
!! Poll error: fetch failed
!! Poll error: fetch failed
[Process Chain Manager] ERR: Error: [unavailable] getaddrinfo ENOTFOUND api2.cursor.sh
[Process Chain Manager] ERR: Error: [unavailable] getaddrinfo ENOTFOUND api2.cursor.sh
[Process Chain Manager] ERR: Error: [unavailable] getaddrinfo ENOTFOUND api2.cursor.sh
!! Runner crash 10ea0453-b41f-4d16-9d54-26d31de3cc4d: Error: ENOSPC: no space left on device, open '/Users/tobiasmastek/paperclip/logs/run-10ea0453-b41f-4d16-9d54-26d31de3cc4d-Process_Chain_Manager.log'
    at Module.writeFileSync (node:fs:2398:20)
    at executeRun (file:///Users/tobiasmastek/paperclip/scripts/local-runner-macos.mjs:647:6) {
  errno: -28,
  code: 'ENOSPC',
  syscall: 'open',
  path: '/Users/tobiasmastek/paperclip/logs/run-10ea0453-b41f-4d16-9d54-26d31de3cc4d-Process_Chain_Manager.log'
}
!! Runner crash 4b9ada93-a325-4c00-a10c-f9179a4dc4c4: Error: ENOSPC: no space left on device, open '/Users/tobiasmastek/paperclip/logs/run-4b9ada93-a325-4c00-a10c-f9179a4dc4c4-Process_Chain_Manager.log'
    at Module.writeFileSync (node:fs:2398:20)
    at executeRun (file:///Users/tobiasmastek/paperclip/scripts/local-runner-macos.mjs:647:6) {
  errno: -28,
  code: 'ENOSPC',
  syscall: 'open',
  path: '/Users/tobiasmastek/paperclip/logs/run-4b9ada93-a325-4c00-a10c-f9179a4dc4c4-Process_Chain_Manager.log'
}
!! Runner crash 683a695b-de6b-47cf-b04e-dd342b862241: Error: ENOSPC: no space left on device, open '/Users/tobiasmastek/paperclip/logs/run-683a695b-de6b-47cf-b04e-dd342b862241-Process_Chain_Manager.log'
    at Module.writeFileSync (node:fs:2398:20)
    at executeRun (file:///Users/tobiasmastek/paperclip/scripts/local-runner-macos.mjs:647:6) {
  errno: -28,
  code: 'ENOSPC',
  syscall: 'open',
  path: '/Users/tobiasmastek/paperclip/logs/run-683a695b-de6b-47cf-b04e-dd342b862241-Process_Chain_Manager.log'
}
!! Poll error: fetch failed
!! Poll error: fetch failed
!! Poll error: fetch failed
!! Poll error: fetch failed
!! Poll error: fetch failed
!! Poll error: fetch failed
!! Poll error: fetch failed
!! Poll error: fetch failed
!! Poll error: fetch failed
!! Poll error: fetch failed
!! Poll error: fetch failed
!! Poll error: fetch failed
!! Poll error: fetch failed
!! Poll error: fetch failed
!! Poll error: fetch failed
!! Poll error: fetch failed
!! Poll error: fetch failed
!! Poll error: fetch failed
!! Poll error: fetch failed
!! Poll error: fetch failed
!! Poll error: fetch failed

Node.js v25.8.1
!! Poll error: fetch failed
!! Poll error: fetch failed
!! Poll error: fetch failed
!! Poll error: fetch failed
!! Poll error: fetch failed
!! Poll error: fetch failed
!! Poll error: fetch failed
[Process Chain Manager] ERR: Error: [unavailable]
!! Poll error: fetch failed
!! Poll error: fetch failed
!! Poll error: fetch failed
[Process Chain Manager] ERR: Warning: Failed to flush local agent state (SQLITE_IOERR: disk I/O error)
S: [internal] SQLITE_IOERR: disk I/O error
!! Poll error: fetch failed
!! Poll error: fetch failed
!! Poll error: fetch failed
!! Poll error: fetch failed
!! Poll error: fetch failed
!! Poll error: fetch failed
!! Poll error: fetch failed
!! Poll error: fetch failed
!! Poll error: fetch failed
!! Poll error: fetch failed
!! Poll error: fetch failed
!! Poll error: fetch failed
!! Poll error: fetch failed
!! Poll error: fetch failed
!! Poll error: fetch failed
!! Poll error: fetch failed
!! Poll error: fetch failed
!! Poll error: fetch failed
!! Poll error: fetch failed
!! Poll error: fetch failed
!! Poll error: fetch failed
!! Poll error: fetch failed
!! Poll error: fetch failed
!! Poll error: fetch failed
!! Poll error: fetch failed
!! Poll error: fetch failed
!! Poll error: fetch failed
!! Poll error: fetch failed
!! Poll error: fetch failed
!! Poll error: fetch failed
!! Poll error: fetch failed
!! Poll error: fetch failed
!! Poll error: fetch failed
!! Poll error: fetch failed
!! Poll error: fetch failed
!! Poll error: fetch failed
!! Poll error: fetch failed
!! Poll error: fetch failed
!! Poll error: fetch failed
!! Poll error: fetch failed
!! Poll error: fetch failed
!! Poll error: fetch failed
!! Poll error: fetch failed
!! Poll error: fetch failed
!! Poll error: fetch failed
!! Poll error: fetch failed
!! Poll error: fetch failed
!! Poll error: fetch failed
!! Poll error: fetch failed
!! Poll error: fetch failed
!! Poll error: fetch failed
!! Poll error: fetch failed
!! Poll error: fetch failed
!! Poll error: fetch failed
!! Poll error: fetch failed
!! Poll error: fetch failed
!! Poll error: fetch failed
!! Poll error: fetch failed
!! Poll error: fetch failed
!! Poll error: fetch failed
!! Poll error: fetch failed
!! Poll error: fetch failed
!! Poll error: fetch failed
!! Poll error: fetch failed
!! Poll error: fetch failed
!! Poll error: fetch failed
!! Poll error: fetch failed
!! Poll error: fetch failed
!! Poll error: fetch failed
!! Poll error: fetch failed
!! Poll error: fetch failed
!! Poll error: fetch failed
!! Poll error: fetch failed
!! Poll error: fetch failed
!! Poll error: fetch failed
!! Poll error: fetch failed
!! Poll error: fetch failed
!! Poll error: fetch failed
!! Poll error: fetch failed
!! Poll error: fetch failed
!! Poll error: fetch failed
!! Poll error: fetch failed
!! Poll error: fetch failed
!! Poll error: fetch failed
!! Poll error: fetch failed
!! Poll error: fetch failed
!! Poll error: fetch failed
!! Poll error: fetch failed
!! Poll error: fetch failed
!! Poll error: fetch failed
!! Poll error: fetch failed
!! Poll error: fetch failed
!! Poll error: fetch failed
!! Poll error: fetch failed
!! Poll error: fetch failed
!! Poll error: fetch failed
!! Poll error: fetch failed
!! Poll error: fetch failed
!! Poll error: fetch failed
!! Poll error: fetch failed
!! Poll error: fetch failed
!! Poll error: fetch failed
!! Poll error: fetch failed
!! Poll error: fetch failed
!! Poll error: fetch failed
!! Poll error: fetch failed
!! Poll error: fetch failed
!! Poll error: fetch failed
!! Poll error: fetch failed
!! Poll error: fetch failed
!! Poll error: fetch failed
!! Poll error: fetch failed
!! Poll error: fetch failed
!! Poll error: fetch failed
!! Poll error: fetch failed
!! Poll error: fetch failed
!! Poll error: fetch failed
!! Poll error: fetch failed
!! Poll error: fetch failed
!! Poll error: fetch failed
!! Poll error: fetch failed
!! Poll error: fetch failed
!! Poll error: fetch failed
!! Poll error: fetch failed
!! Poll error: fetch failed
!! Poll error: fetch failed
!! Poll error: fetch failed
!! Poll error: fetch failed
!! Poll error: fetch failed
!! Poll error: fetch failed
!! Poll error: fetch failed
!! Poll error: fetch failed
!! Poll error: fetch failed
node:fs:2398
    return binding.writeFileUtf8(
                   ^

Error: ENOSPC: no space left on device, write
    at Object.writeFileSync (node:fs:2398:20)
    at Module.appendFileSync (node:fs:2480:6)
    at Timeout.flushLogs [as _onTimeout] (file:///Users/tobiasmastek/paperclip/scripts/local-runner-macos.mjs:660:8)
    at listOnTimeout (node:internal/timers:605:17)
    at process.processTimers (node:internal/timers:541:7) {
  errno: -28,
  code: 'ENOSPC',
  syscall: 'write'
}

Node.js v25.8.1
!! Poll error: fetch failed
!! Poll error: fetch failed
!! Poll error: fetch failed
!! Poll error: fetch failed
!! Poll error: fetch failed
!! Poll error: fetch failed
!! Poll error: fetch failed
!! Poll error: fetch failed
!! Poll error: fetch failed
!! Poll error: fetch failed
!! Poll error: fetch failed
!! Poll error: fetch failed
!! Poll error: fetch failed
!! Poll error: fetch failed
!! Poll error: fetch failed
!! Poll error: fetch failed
!! Poll error: fetch failed
!! Poll error: fetch failed
!! Poll error: fetch failed
!! Poll error: fetch failed
!! Poll error: fetch failed
!! Poll error: fetch failed
!! Poll error: fetch failed
!! Poll error: fetch failed
!! Poll error: fetch failed
!! Poll error: fetch failed
!! Poll error: fetch failed
!! Poll error: fetch failed
!! Poll error: fetch failed
!! Poll error: fetch failed
!! Poll error: fetch failed
!! Poll error: fetch failed
!! Runner crash d9d60589-7f10-42d4-b66b-3b35095ba05c: Error: ENOSPC: no space left on device, open '/Users/tobiasmastek/paperclip/logs/run-d9d60589-7f10-42d4-b66b-3b35095ba05c-Process_Chain_Manager.log'
    at Module.writeFileSync (node:fs:2398:20)
    at executeRun (file:///Users/tobiasmastek/paperclip/scripts/local-runner-macos.mjs:647:6) {
  errno: -28,
  code: 'ENOSPC',
  syscall: 'open',
  path: '/Users/tobiasmastek/paperclip/logs/run-d9d60589-7f10-42d4-b66b-3b35095ba05c-Process_Chain_Manager.log'
}
!! Poll error: fetch failed
!! Poll error: fetch failed
!! Poll error: fetch failed
!! Poll error: fetch failed
!! Poll error: fetch failed
!! Poll error: fetch failed
!! Poll error: fetch failed
!! Poll error: fetch failed
!! Poll error: fetch failed
!! Poll error: fetch failed
!! Poll error: fetch failed
!! Poll error: fetch failed
!! Poll error: fetch failed
!! Poll error: fetch failed
!! Poll error: fetch failed
!! Poll error: fetch failed
!! Poll error: fetch failed
!! Poll error: fetch failed
!! Poll error: fetch failed
!! Poll error: fetch failed
!! Poll error: fetch failed
!! Poll error: fetch failed
!! Poll error: fetch failed
!! Poll error: fetch failed
!! Poll error: fetch failed
!! Poll error: fetch failed
!! Poll error: fetch failed
!! Poll error: fetch failed
!! Poll error: fetch failed
!! Poll error: fetch failed
!! Poll error: fetch failed
!! Poll error: fetch failed
!! Poll error: fetch failed
!! Poll error: fetch failed
!! Poll error: fetch failed
!! Poll error: fetch failed
!! Poll error: fetch failed
!! Poll error: fetch failed
!! Poll error: fetch failed
!! Poll error: fetch failed
!! Poll error: fetch failed
!! Poll error: fetch failed
!! Poll error: fetch failed
!! Poll error: fetch failed
!! Poll error: fetch failed
!! Poll error: fetch failed
!! Poll error: fetch failed
!! Poll error: fetch failed
!! Poll error: fetch failed
!! Poll error: fetch failed
!! Poll error: fetch failed
!! Poll error: fetch failed
!! Poll error: fetch failed
!! Poll error: fetch failed
!! Poll error: fetch failed
!! Poll error: fetch failed
!! Poll error: fetch failed
!! Poll error: fetch failed
!! Poll error: fetch failed
!! Poll error: fetch failed
!! Poll error: fetch failed
!! Poll error: fetch failed
!! Poll error: fetch failed
!! Poll error: fetch failed
!! Poll error: fetch failed
!! Poll error: fetch failed
!! Poll error: fetch failed
!! Poll error: fetch failed
!! Poll error: fetch failed
!! Poll error: fetch failed
!! Poll error: fetch failed
!! Poll error: fetch failed
!! Poll error: fetch failed
!! Poll error: fetch failed
!! Poll error: fetch failed
!! Poll error: fetch failed
!! Poll error: fetch failed
!! Poll error: fetch failed
!! Poll error: fetch failed
!! Runner crash 5f6d5afc-fa13-4e3e-981c-bb0775068c9f: Error: ENOSPC: no space left on device, open '/Users/tobiasmastek/paperclip/logs/run-5f6d5afc-fa13-4e3e-981c-bb0775068c9f-Process_Chain_Manager.log'
    at Module.writeFileSync (node:fs:2398:20)
    at executeRun (file:///Users/tobiasmastek/paperclip/scripts/local-runner-macos.mjs:647:6) {
  errno: -28,
  code: 'ENOSPC',
  syscall: 'open',
  path: '/Users/tobiasmastek/paperclip/logs/run-5f6d5afc-fa13-4e3e-981c-bb0775068c9f-Process_Chain_Manager.log'
}
!! Poll error: fetch failed
!! Poll error: fetch failed
!! Poll error: fetch failed
!! Poll error: fetch failed
!! Poll error: fetch failed
!! Poll error: fetch failed
!! Poll error: fetch failed
!! Poll error: fetch failed
!! Poll error: fetch failed
!! Poll error: fetch failed
!! Poll error: fetch failed
!! Poll error: fetch failed
!! Poll error: fetch failed
!! Poll error: fetch failed
!! Poll error: fetch failed
!! Poll error: fetch failed
!! Poll error: fetch failed
!! Poll error: fetch failed
!! Poll error: fetch failed
!! Poll error: fetch failed
!! Poll error: fetch failed
!! Poll error: fetch failed
!! Poll error: fetch failed
!! Poll error: fetch failed
!! Poll error: fetch failed
!! Poll error: fetch failed
!! Poll error: fetch failed
!! Poll error: fetch failed
!! Poll error: fetch failed
!! Poll error: fetch failed
!! Poll error: fetch failed
!! Poll error: fetch failed
!! Poll error: fetch failed
!! Poll error: fetch failed
!! Poll error: fetch failed
!! Poll error: fetch failed
!! Poll error: fetch failed
!! Poll error: fetch failed
!! Poll error: fetch failed
!! Poll error: fetch failed
!! Poll error: fetch failed
!! Poll error: fetch failed
!! Poll error: fetch failed
!! Poll error: fetch failed
!! Poll error: fetch failed
!! Poll error: fetch failed
!! Poll error: fetch failed
!! Poll error: fetch failed
!! Poll error: fetch failed
!! Poll error: fetch failed
!! Poll error: fetch failed
!! Poll error: fetch failed
!! Poll error: fetch failed
!! Poll error: fetch failed
!! Poll error: fetch failed
!! Poll error: fetch failed
!! Poll error: fetch failed
!! Poll error: fetch failed
!! Poll error: fetch failed
!! Poll error: fetch failed
!! Poll error: fetch failed
!! Poll error: fetch failed
!! Poll error: fetch failed
!! Poll error: fetch failed
!! Poll error: fetch failed
!! Poll error: fetch failed
!! Poll error: fetch failed
!! Poll error: fetch failed
!! Poll error: fetch failed
!! Poll error: fetch failed
!! Poll error: fetch failed
!! Poll error: fetch failed
!! Poll error: fetch failed
!! Poll error: fetch failed
!! Poll error: fetch failed
!! Poll error: fetch failed
!! Poll error: fetch failed
!! Poll error: fetch failed
!! Poll error: fetch failed
!! Poll error: fetch failed
!! Poll error: fetch failed
!! Poll error: fetch failed
!! Poll error: fetch failed
!! Poll error: fetch failed
!! Poll error: fetch failed
!! Poll error: fetch failed
!! Poll error: fetch failed
!! Poll error: fetch failed
!! Poll error: fetch failed
!! Poll error: fetch failed
!! Poll error: fetch failed
!! Poll error: fetch failed
!! Poll error: fetch failed
!! Poll error: fetch failed
!! Poll error: fetch failed
!! Poll error: fetch failed
!! Poll error: fetch failed
!! Poll error: fetch failed
!! Poll error: fetch failed
!! Poll error: fetch failed
!! Poll error: fetch failed
!! Poll error: fetch failed
!! Poll error: fetch failed
!! Poll error: fetch failed
!! Poll error: fetch failed
!! Poll error: fetch failed
!! Poll error: fetch failed
!! Poll error: fetch failed
!! Poll error: fetch failed
!! Poll error: fetch failed
!! Poll error: fetch failed
!! Poll error: fetch failed
!! Poll error: fetch failed
!! Poll error: fetch failed
!! Poll error: fetch failed
!! Poll error: fetch failed
!! Poll error: fetch failed
!! Poll error: fetch failed
!! Poll error: fetch failed
!! Poll error: fetch failed
!! Poll error: fetch failed
!! Poll error: fetch failed
!! Poll error: fetch failed
!! Poll error: fetch failed
!! Poll error: fetch failed
!! Poll error: fetch failed
!! Poll error: fetch failed
[Process Chain Manager] ERR: Warning: Failed to flush local agent state (SQLITE_IOERR: disk I/O error)
S: [internal] SQLITE_IOERR: disk I/O error
!! Poll error: fetch failed
!! Poll error: fetch failed
!! Poll error: fetch failed
!! Poll error: fetch failed
!! Poll error: fetch failed
!! Poll error: fetch failed
!! Poll error: fetch failed
!! Poll error: fetch failed
!! Poll error: fetch failed
!! Poll error: fetch failed
!! Poll error: fetch failed
!! Poll error: fetch failed
!! Poll error: fetch failed
!! Poll error: fetch failed
!! Poll error: fetch failed
!! Poll error: fetch failed
!! Poll error: fetch failed
!! Poll error: fetch failed
!! Poll error: fetch failed
!! Poll error: fetch failed
!! Poll error: fetch failed
!! Poll error: fetch failed
!! Poll error: fetch failed
!! Poll error: fetch failed
!! Poll error: fetch failed
!! Poll error: fetch failed
!! Poll error: fetch failed
!! Poll error: fetch failed
!! Poll error: fetch failed
!! Poll error: fetch failed
!! Poll error: fetch failed
!! Poll error: fetch failed
!! Poll error: fetch failed
!! Poll error: fetch failed
!! Poll error: fetch failed
!! Poll error: fetch failed
!! Poll error: fetch failed
!! Poll error: fetch failed
!! Poll error: fetch failed
!! Poll error: fetch failed
!! Poll error: fetch failed
!! Poll error: fetch failed
!! Poll error: fetch failed
!! Poll error: fetch failed
!! Poll error: fetch failed
!! Poll error: fetch failed
!! Poll error: fetch failed
!! Poll error: fetch failed
!! Poll error: fetch failed
!! Poll error: fetch failed
!! Poll error: fetch failed
!! Poll error: fetch failed
!! Poll error: fetch failed
!! Poll error: fetch failed
!! Poll error: fetch failed
!! Poll error: fetch failed
!! Poll error: fetch failed
!! Poll error: fetch failed
!! Poll error: fetch failed
!! Poll error: fetch failed
!! Poll error: fetch failed
!! Poll error: fetch failed
!! Poll error: fetch failed
node:fs:2398
    return binding.writeFileUtf8(
                   ^

Error: ENOSPC: no space left on device, write
    at Object.writeFileSync (node:fs:2398:20)
    at Module.appendFileSync (node:fs:2480:6)
    at Timeout.flushLogs [as _onTimeout] (file:///Users/tobiasmastek/paperclip/scripts/local-runner-macos.mjs:660:8)
    at listOnTimeout (node:internal/timers:605:17)
    at process.processTimers (node:internal/timers:541:7) {
  errno: -28,
  code: 'ENOSPC',
  syscall: 'write'
}

Node.js v25.8.1
!! Poll error: fetch failed
!! Poll error: fetch failed
!! Poll error: fetch failed
!! Poll error: fetch failed
!! Poll error: fetch failed
!! Poll error: fetch failed
!! Poll error: fetch failed
!! Poll error: fetch failed
!! Poll error: fetch failed
!! Poll error: fetch failed
!! Poll error: fetch failed
!! Poll error: fetch failed
!! Runner crash c7ea0233-9fd2-4dd3-a476-86abce2eb112: Error: ENOSPC: no space left on device, open '/Users/tobiasmastek/paperclip/logs/run-c7ea0233-9fd2-4dd3-a476-86abce2eb112-Process_Chain_Manager.log'
    at Module.writeFileSync (node:fs:2398:20)
    at executeRun (file:///Users/tobiasmastek/paperclip/scripts/local-runner-macos.mjs:647:6) {
  errno: -28,
  code: 'ENOSPC',
  syscall: 'open',
  path: '/Users/tobiasmastek/paperclip/logs/run-c7ea0233-9fd2-4dd3-a476-86abce2eb112-Process_Chain_Manager.log'
}
!! Poll error: fetch failed
!! Poll error: fetch failed
!! Poll error: fetch failed
!! Poll error: fetch failed
!! Poll error: fetch failed
!! Poll error: fetch failed
!! Poll error: fetch failed
!! Poll error: fetch failed
!! Poll error: fetch failed
!! Poll error: fetch failed
!! Poll error: fetch failed
!! Poll error: fetch failed
!! Poll error: fetch failed
!! Poll error: fetch failed
!! Poll error: fetch failed
!! Poll error: fetch failed
!! Poll error: fetch failed
!! Poll error: fetch failed
!! Poll error: fetch failed
!! Poll error: fetch failed
!! Poll error: fetch failed
!! Poll error: fetch failed
!! Poll error: fetch failed
!! Poll error: fetch failed
!! Poll error: fetch failed
!! Poll error: fetch failed
!! Poll error: fetch failed
!! Poll error: fetch failed
!! Poll error: fetch failed
!! Poll error: fetch failed
!! Poll error: fetch failed
!! Poll error: fetch failed
!! Poll error: fetch failed
!! Poll error: fetch failed
!! Poll error: fetch failed
!! Poll error: fetch failed
!! Poll error: fetch failed
!! Poll error: fetch failed
!! Poll error: fetch failed
!! Poll error: fetch failed
!! Poll error: fetch failed
!! Poll error: fetch failed
!! Poll error: fetch failed
!! Poll error: fetch failed
!! Poll error: fetch failed
!! Poll error: fetch failed
!! Poll error: fetch failed
!! Poll error: fetch failed
!! Poll error: fetch failed
!! Poll error: fetch failed
!! Poll error: fetch failed
!! Poll error: fetch failed
!! Poll error: fetch failed
!! Poll error: fetch failed
!! Poll error: fetch failed
!! Poll error: fetch failed
!! Poll error: fetch failed
!! Poll error: fetch failed
!! Poll error: fetch failed
!! Poll error: fetch failed
!! Poll error: fetch failed
!! Poll error: fetch failed
!! Poll error: fetch failed
!! Poll error: fetch failed
!! Poll error: fetch failed
!! Poll error: fetch failed
!! Poll error: fetch failed
!! Poll error: fetch failed
!! Poll error: fetch failed
!! Poll error: fetch failed
!! Poll error: fetch failed
!! Poll error: fetch failed
!! Poll error: fetch failed
!! Poll error: fetch failed
!! Poll error: fetch failed
!! Poll error: fetch failed
!! Poll error: fetch failed
!! Poll error: fetch failed
!! Poll error: fetch failed
!! Poll error: fetch failed
!! Poll error: fetch failed
!! Poll error: fetch failed
!! Poll error: fetch failed
!! Poll error: fetch failed
!! Poll error: fetch failed
!! Poll error: fetch failed
!! Poll error: fetch failed
!! Poll error: fetch failed
!! Poll error: fetch failed
!! Poll error: fetch failed
!! Poll error: fetch failed
!! Poll error: fetch failed
!! Poll error: fetch failed
!! Poll error: fetch failed
!! Poll error: fetch failed
!! Poll error: fetch failed
!! Poll error: fetch failed
!! Poll error: fetch failed
!! Poll error: fetch failed
!! Poll error: fetch failed
!! Poll error: fetch failed
!! Poll error: fetch failed
!! Poll error: fetch failed
!! Poll error: fetch failed
!! Poll error: fetch failed
!! Poll error: fetch failed
!! Poll error: fetch failed
!! Poll error: fetch failed
!! Poll error: fetch failed
!! Poll error: fetch failed
!! Poll error: fetch failed
!! Poll error: fetch failed
!! Poll error: fetch failed
!! Poll error: fetch failed
!! Poll error: fetch failed
!! Poll error: fetch failed
!! Poll error: fetch failed
!! Poll error: fetch failed
!! Poll error: fetch failed
!! Poll error: fetch failed
!! Poll error: fetch failed
!! Poll error: fetch failed
!! Poll error: fetch failed
!! Poll error: fetch failed
!! Poll error: fetch failed
!! Poll error: fetch failed
!! Poll error: fetch failed
!! Poll error: fetch failed
!! Poll error: fetch failed
!! Poll error: fetch failed
!! Poll error: fetch failed
!! Poll error: fetch failed
!! Poll error: fetch failed
!! Poll error: fetch failed
!! Poll error: fetch failed
!! Poll error: fetch failed
!! Poll error: fetch failed
!! Poll error: fetch failed
!! Poll error: fetch failed
!! Poll error: fetch failed
!! Poll error: fetch failed
!! Poll error: fetch failed
!! Poll error: fetch failed
!! Poll error: fetch failed
!! Poll error: fetch failed
!! Poll error: fetch failed
!! Poll error: fetch failed
!! Poll error: fetch failed
!! Poll error: fetch failed
!! Poll error: fetch failed
!! Poll error: fetch failed
!! Poll error: fetch failed
!! Poll error: fetch failed
!! Poll error: fetch failed
!! Poll error: fetch failed
!! Poll error: fetch failed
!! Poll error: fetch failed
!! Poll error: fetch failed
!! Poll error: fetch failed
!! Poll error: fetch failed
!! Poll error: fetch failed
!! Poll error: fetch failed
!! Poll error: fetch failed
!! Poll error: fetch failed
!! Poll error: fetch failed
!! Poll error: fetch failed
!! Poll error: fetch failed
!! Poll error: fetch failed
!! Poll error: fetch failed
!! Poll error: fetch failed
!! Poll error: fetch failed
!! Poll error: fetch failed
!! Poll error: fetch failed
!! Poll error: fetch failed
!! Poll error: fetch failed
!! Poll error: fetch failed
!! Poll error: fetch failed
!! Poll error: fetch failed
!! Poll error: fetch failed
!! Poll error: fetch failed
!! Poll error: fetch failed
!! Runner crash 623e596b-ced0-4cfe-92d4-5b58c75e91bb: Error: ENOSPC: no space left on device, open '/Users/tobiasmastek/paperclip/logs/run-623e596b-ced0-4cfe-92d4-5b58c75e91bb-Process_Chain_Manager.log'
    at Module.writeFileSync (node:fs:2398:20)
    at executeRun (file:///Users/tobiasmastek/paperclip/scripts/local-runner-macos.mjs:647:6) {
  errno: -28,
  code: 'ENOSPC',
  syscall: 'open',
  path: '/Users/tobiasmastek/paperclip/logs/run-623e596b-ced0-4cfe-92d4-5b58c75e91bb-Process_Chain_Manager.log'
}
!! Poll error: fetch failed
!! Poll error: fetch failed
!! Poll error: fetch failed
!! Poll error: fetch failed
!! Poll error: fetch failed
!! Poll error: fetch failed
!! Poll error: fetch failed
!! Poll error: fetch failed
[Process Chain Manager] ERR: Error: Authentication required. Please run 'agent login' first, or set CURSOR_API_KEY environment variable.
[Process Chain Manager] ERR: Error: Authentication required. Please run 'agent login' first, or set CURSOR_API_KEY environment variable.
[Process Chain Manager] ERR: Error: Authentication required. Please run 'agent login' first, or set CURSOR_API_KEY environment variable.
[Process Chain Manager] ERR: Error: Authentication required. Please run 'agent login' first, or set CURSOR_API_KEY environment variable.
[Process Chain Manager] ERR: Error: Authentication required. Please run 'agent login' first, or set CURSOR_API_KEY environment variable.
!! Poll error: fetch failed
[Process Chain Manager] ERR: Error: Authentication required. Please run 'agent login' first, or set CURSOR_API_KEY environment variable.
[Process Chain Manager] ERR: Error: Authentication required. Please run 'agent login' first, or set CURSOR_API_KEY environment variable.
!! Poll error: fetch failed
[Process Chain Manager] ERR: Error: Authentication required. Please run 'agent login' first, or set CURSOR_API_KEY environment variable.
[Process Chain Manager] ERR: Error: Authentication required. Please run 'agent login' first, or set CURSOR_API_KEY environment variable.
!! Poll error: fetch failed
[Process Chain Manager] ERR: Error: Authentication required. Please run 'agent login' first, or set CURSOR_API_KEY environment variable.
[Process Chain Manager] ERR: Error: Authentication required. Please run 'agent login' first, or set CURSOR_API_KEY environment variable.
!! Poll error: fetch failed
[Process Chain Manager] ERR: Error: Authentication required. Please run 'agent login' first, or set CURSOR_API_KEY environment variable.
[Process Chain Manager] ERR: Error: Authentication required. Please run 'agent login' first, or set CURSOR_API_KEY environment variable.
[Process Chain Manager] ERR: Error: Authentication required. Please run 'agent login' first, or set CURSOR_API_KEY environment variable.
[Process Chain Manager] ERR: Error: Authentication required. Please run 'agent login' first, or set CURSOR_API_KEY environment variable.
[Process Chain Manager] ERR: Error: Authentication required. Please run 'agent login' first, or set CURSOR_API_KEY environment variable.
!! Poll error: fetch failed
[Process Chain Manager] ERR: Error: Authentication required. Please run 'agent login' first, or set CURSOR_API_KEY environment variable.
[Process Chain Manager] ERR: Error: Authentication required. Please run 'agent login' first, or set CURSOR_API_KEY environment variable.
[Process Chain Manager] ERR: Error: Authentication required. Please run 'agent login' first, or set CURSOR_API_KEY environment variable.
[Process Chain Manager] ERR: Error: Authentication required. Please run 'agent login' first, or set CURSOR_API_KEY environment variable.
!! Poll error: fetch failed
!! Poll error: fetch failed
[Process Chain Manager] ERR: Error: Authentication required. Please run 'agent login' first, or set CURSOR_API_KEY environment variable.
[Process Chain Manager] ERR: Error: Authentication required. Please run 'agent login' first, or set CURSOR_API_KEY environment variable.
[Process Chain Manager] ERR: Error: Authentication required. Please run 'agent login' first, or set CURSOR_API_KEY environment variable.
[Process Chain Manager] ERR: Error: Authentication required. Please run 'agent login' first, or set CURSOR_API_KEY environment variable.
[Process Chain Manager] ERR: Error: Authentication required. Please run 'agent login' first, or set CURSOR_API_KEY environment variable.
[Process Chain Manager] ERR: Error: Authentication required. Please run 'agent login' first, or set CURSOR_API_KEY environment variable.
[Process Chain Manager] ERR: Error: Authentication required. Please run 'agent login' first, or set CURSOR_API_KEY environment variable.
!! Poll error: fetch failed
[Process Chain Manager] ERR: Error: Authentication required. Please run 'agent login' first, or set CURSOR_API_KEY environment variable.
[Process Chain Manager] ERR: Error: Authentication required. Please run 'agent login' first, or set CURSOR_API_KEY environment variable.
!! Poll error: fetch failed
!! Poll error: fetch failed
[Process Chain Manager] ERR: Error: Authentication required. Please run 'agent login' first, or set CURSOR_API_KEY environment variable.
[Process Chain Manager] ERR: Error: Authentication required. Please run 'agent login' first, or set CURSOR_API_KEY environment variable.
!! Poll error: fetch failed
!! Poll error: fetch failed
!! Poll error: fetch failed
[Process Chain Manager] ERR: Error: Authentication required. Please run 'agent login' first, or set CURSOR_API_KEY environment variable.
!! Poll error: fetch failed
[Process Chain Manager] ERR: Error: Authentication required. Please run 'agent login' first, or set CURSOR_API_KEY environment variable.
!! Poll error: fetch failed
[Process Chain Manager] ERR: Error: Authentication required. Please run 'agent login' first, or set CURSOR_API_KEY environment variable.
[Process Chain Manager] ERR: Error: Authentication required. Please run 'agent login' first, or set CURSOR_API_KEY environment variable.
[Process Chain Manager] ERR: Error: Authentication required. Please run 'agent login' first, or set CURSOR_API_KEY environment variable.
[Process Chain Manager] ERR: Error: Authentication required. Please run 'agent login' first, or set CURSOR_API_KEY environment variable.
[Process Chain Manager] ERR: Error: Authentication required. Please run 'agent login' first, or set CURSOR_API_KEY environment variable.
[Process Chain Manager] ERR: Error: Authentication required. Please run 'agent login' first, or set CURSOR_API_KEY environment variable.
[Process Chain Manager] ERR: Error: Authentication required. Please run 'agent login' first, or set CURSOR_API_KEY environment variable.
[Process Chain Manager] ERR: Error: Authentication required. Please run 'agent login' first, or set CURSOR_API_KEY environment variable.
[Process Chain Manager] ERR: Error: Authentication required. Please run 'agent login' first, or set CURSOR_API_KEY environment variable.
[Process Chain Manager] ERR: Error: Authentication required. Please run 'agent login' first, or set CURSOR_API_KEY environment variable.
[Process Chain Manager] ERR: Error: Authentication required. Please run 'agent login' first, or set CURSOR_API_KEY environment variable.
[Process Chain Manager] ERR: Error: Authentication required. Please run 'agent login' first, or set CURSOR_API_KEY environment variable.
[Process Chain Manager] ERR: Error: Authentication required. Please run 'agent login' first, or set CURSOR_API_KEY environment variable.
[Process Chain Manager] ERR: Error: Authentication required. Please run 'agent login' first, or set CURSOR_API_KEY environment variable.
[Process Chain Manager] ERR: Error: Authentication required. Please run 'agent login' first, or set CURSOR_API_KEY environment variable.
[Process Chain Manager] ERR: Error: Authentication required. Please run 'agent login' first, or set CURSOR_API_KEY environment variable.
[Process Chain Manager] ERR: Error: Authentication required. Please run 'agent login' first, or set CURSOR_API_KEY environment variable.
[Process Chain Manager] ERR: Error: Authentication required. Please run 'agent login' first, or set CURSOR_API_KEY environment variable.
[Process Chain Manager] ERR: Error: Authentication required. Please run 'agent login' first, or set CURSOR_API_KEY environment variable.
[Process Chain Manager] ERR: Error: Authentication required. Please run 'agent login' first, or set CURSOR_API_KEY environment variable.
[Process Chain Manager] ERR: Error: Authentication required. Please run 'agent login' first, or set CURSOR_API_KEY environment variable.
[Process Chain Manager] ERR: Error: Authentication required. Please run 'agent login' first, or set CURSOR_API_KEY environment variable.
[Process Chain Manager] ERR: Error: Authentication required. Please run 'agent login' first, or set CURSOR_API_KEY environment variable.
[Process Chain Manager] ERR: Error: Authentication required. Please run 'agent login' first, or set CURSOR_API_KEY environment variable.
[Process Chain Manager] ERR: Error: Authentication required. Please run 'agent login' first, or set CURSOR_API_KEY environment variable.
[Process Chain Manager] ERR: Error: Authentication required. Please run 'agent login' first, or set CURSOR_API_KEY environment variable.
[Process Chain Manager] ERR: Error: Authentication required. Please run 'agent login' first, or set CURSOR_API_KEY environment variable.
[Process Chain Manager] ERR: Error: Authentication required. Please run 'agent login' first, or set CURSOR_API_KEY environment variable.
[Process Chain Manager] ERR: Error: Authentication required. Please run 'agent login' first, or set CURSOR_API_KEY environment variable.
[Process Chain Manager] ERR: Error: Authentication required. Please run 'agent login' first, or set CURSOR_API_KEY environment variable.
[Process Chain Manager] ERR: Error: Authentication required. Please run 'agent login' first, or set CURSOR_API_KEY environment variable.
[Process Chain Manager] ERR: Error: Authentication required. Please run 'agent login' first, or set CURSOR_API_KEY environment variable.
[Process Chain Manager] ERR: Error: Authentication required. Please run 'agent login' first, or set CURSOR_API_KEY environment variable.
[Process Chain Manager] ERR: Error: Authentication required. Please run 'agent login' first, or set CURSOR_API_KEY environment variable.
[Process Chain Manager] ERR: Error: Authentication required. Please run 'agent login' first, or set CURSOR_API_KEY environment variable.
[Process Chain Manager] ERR: Error: Authentication required. Please run 'agent login' first, or set CURSOR_API_KEY environment variable.
[Process Chain Manager] ERR: Error: Authentication required. Please run 'agent login' first, or set CURSOR_API_KEY environment variable.
[Process Chain Manager] ERR: Error: Authentication required. Please run 'agent login' first, or set CURSOR_API_KEY environment variable.
[Process Chain Manager] ERR: Error: Authentication required. Please run 'agent login' first, or set CURSOR_API_KEY environment variable.
[Process Chain Manager] ERR: Error: Authentication required. Please run 'agent login' first, or set CURSOR_API_KEY environment variable.
[Process Chain Manager] ERR: Error: Authentication required. Please run 'agent login' first, or set CURSOR_API_KEY environment variable.
[Process Chain Manager] ERR: Error: Authentication required. Please run 'agent login' first, or set CURSOR_API_KEY environment variable.
[Process Chain Manager] ERR: Error: Authentication required. Please run 'agent login' first, or set CURSOR_API_KEY environment variable.
[Process Chain Manager] ERR: Error: Authentication required. Please run 'agent login' first, or set CURSOR_API_KEY environment variable.
[Process Chain Manager] ERR: Error: Authentication required. Please run 'agent login' first, or set CURSOR_API_KEY environment variable.
[Process Chain Manager] ERR: Error: Authentication required. Please run 'agent login' first, or set CURSOR_API_KEY environment variable.
[Process Chain Manager] ERR: Error: Authentication required. Please run 'agent login' first, or set CURSOR_API_KEY environment variable.
[Process Chain Manager] ERR: Error: Authentication required. Please run 'agent login' first, or set CURSOR_API_KEY environment variable.
[Process Chain Manager] ERR: Error: Authentication required. Please run 'agent login' first, or set CURSOR_API_KEY environment variable.
[Process Chain Manager] ERR: Error: Authentication required. Please run 'agent login' first, or set CURSOR_API_KEY environment variable.
[Process Chain Manager] ERR: Error: Authentication required. Please run 'agent login' first, or set CURSOR_API_KEY environment variable.
[Process Chain Manager] ERR: Error: Authentication required. Please run 'agent login' first, or set CURSOR_API_KEY environment variable.
[Process Chain Manager] ERR: Error: Authentication required. Please run 'agent login' first, or set CURSOR_API_KEY environment variable.
[Process Chain Manager] ERR: Error: Authentication required. Please run 'agent login' first, or set CURSOR_API_KEY environment variable.
[Process Chain Manager] ERR: Error: Authentication required. Please run 'agent login' first, or set CURSOR_API_KEY environment variable.
[Process Chain Manager] ERR: Error: Authentication required. Please run 'agent login' first, or set CURSOR_API_KEY environment variable.
[Process Chain Manager] ERR: Error: Authentication required. Please run 'agent login' first, or set CURSOR_API_KEY environment variable.
[Process Chain Manager] ERR: Error: Authentication required. Please run 'agent login' first, or set CURSOR_API_KEY environment variable.
[Process Chain Manager] ERR: Error: Authentication required. Please run 'agent login' first, or set CURSOR_API_KEY environment variable.
[Process Chain Manager] ERR: Error: Authentication required. Please run 'agent login' first, or set CURSOR_API_KEY environment variable.
[Process Chain Manager] ERR: Error: Authentication required. Please run 'agent login' first, or set CURSOR_API_KEY environment variable.
[Process Chain Manager] ERR: Error: Authentication required. Please run 'agent login' first, or set CURSOR_API_KEY environment variable.
[Process Chain Manager] ERR: Error: Authentication required. Please run 'agent login' first, or set CURSOR_API_KEY environment variable.
[Process Chain Manager] ERR: Error: Authentication required. Please run 'agent login' first, or set CURSOR_API_KEY environment variable.
[Process Chain Manager] ERR: Error: Authentication required. Please run 'agent login' first, or set CURSOR_API_KEY environment variable.
[Process Chain Manager] ERR: Error: Authentication required. Please run 'agent login' first, or set CURSOR_API_KEY environment variable.
[Process Chain Manager] ERR: Error: Authentication required. Please run 'agent login' first, or set CURSOR_API_KEY environment variable.
[Process Chain Manager] ERR: Error: Authentication required. Please run 'agent login' first, or set CURSOR_API_KEY environment variable.
[Process Chain Manager] ERR: Error: Authentication required. Please run 'agent login' first, or set CURSOR_API_KEY environment variable.
[Process Chain Manager] ERR: Error: Authentication required. Please run 'agent login' first, or set CURSOR_API_KEY environment variable.
[Process Chain Manager] ERR: Error: Authentication required. Please run 'agent login' first, or set CURSOR_API_KEY environment variable.
[Process Chain Manager] ERR: Error: Authentication required. Please run 'agent login' first, or set CURSOR_API_KEY environment variable.
[Process Chain Manager] ERR: Error: Authentication required. Please run 'agent login' first, or set CURSOR_API_KEY environment variable.
[Process Chain Manager] ERR: Error: Authentication required. Please run 'agent login' first, or set CURSOR_API_KEY environment variable.
[Process Chain Manager] ERR: Error: Authentication required. Please run 'agent login' first, or set CURSOR_API_KEY environment variable.
[Process Chain Manager] ERR: Error: Authentication required. Please run 'agent login' first, or set CURSOR_API_KEY environment variable.
[Process Chain Manager] ERR: Error: Authentication required. Please run 'agent login' first, or set CURSOR_API_KEY environment variable.
[Process Chain Manager] ERR: Error: Authentication required. Please run 'agent login' first, or set CURSOR_API_KEY environment variable.
[Process Chain Manager] ERR: Error: Authentication required. Please run 'agent login' first, or set CURSOR_API_KEY environment variable.
[Process Chain Manager] ERR: Error: Authentication required. Please run 'agent login' first, or set CURSOR_API_KEY environment variable.
[Process Chain Manager] ERR: Error: Authentication required. Please run 'agent login' first, or set CURSOR_API_KEY environment variable.
[Process Chain Manager] ERR: Error: Authentication required. Please run 'agent login' first, or set CURSOR_API_KEY environment variable.
[Process Chain Manager] ERR: Error: Authentication required. Please run 'agent login' first, or set CURSOR_API_KEY environment variable.
[Process Chain Manager] ERR: Error: Authentication required. Please run 'agent login' first, or set CURSOR_API_KEY environment variable.
[Process Chain Manager] ERR: Error: Authentication required. Please run 'agent login' first, or set CURSOR_API_KEY environment variable.
[Process Chain Manager] ERR: Error: Authentication required. Please run 'agent login' first, or set CURSOR_API_KEY environment variable.
[Process Chain Manager] ERR: Error: Authentication required. Please run 'agent login' first, or set CURSOR_API_KEY environment variable.
[Process Chain Manager] ERR: Error: Authentication required. Please run 'agent login' first, or set CURSOR_API_KEY environment variable.
[Process Chain Manager] ERR: Error: Authentication required. Please run 'agent login' first, or set CURSOR_API_KEY environment variable.
[Process Chain Manager] ERR: Error: Authentication required. Please run 'agent login' first, or set CURSOR_API_KEY environment variable.
[Process Chain Manager] ERR: Error: Authentication required. Please run 'agent login' first, or set CURSOR_API_KEY environment variable.
[Process Chain Manager] ERR: Error: Authentication required. Please run 'agent login' first, or set CURSOR_API_KEY environment variable.
[Process Chain Manager] ERR: Error: Authentication required. Please run 'agent login' first, or set CURSOR_API_KEY environment variable.
[Process Chain Manager] ERR: Error: Authentication required. Please run 'agent login' first, or set CURSOR_API_KEY environment variable.
[Process Chain Manager] ERR: Error: Authentication required. Please run 'agent login' first, or set CURSOR_API_KEY environment variable.
[Process Chain Manager] ERR: Error: Authentication required. Please run 'agent login' first, or set CURSOR_API_KEY environment variable.
[Process Chain Manager] ERR: Error: Authentication required. Please run 'agent login' first, or set CURSOR_API_KEY environment variable.
[Process Chain Manager] ERR: Error: Authentication required. Please run 'agent login' first, or set CURSOR_API_KEY environment variable.
[Process Chain Manager] ERR: Error: Authentication required. Please run 'agent login' first, or set CURSOR_API_KEY environment variable.
[Process Chain Manager] ERR: Error: Authentication required. Please run 'agent login' first, or set CURSOR_API_KEY environment variable.
[Process Chain Manager] ERR: Error: Authentication required. Please run 'agent login' first, or set CURSOR_API_KEY environment variable.
[Process Chain Manager] ERR: Error: Authentication required. Please run 'agent login' first, or set CURSOR_API_KEY environment variable.
[Process Chain Manager] ERR: Error: Authentication required. Please run 'agent login' first, or set CURSOR_API_KEY environment variable.
[Process Chain Manager] ERR: Error: Authentication required. Please run 'agent login' first, or set CURSOR_API_KEY environment variable.
[Process Chain Manager] ERR: Error: Authentication required. Please run 'agent login' first, or set CURSOR_API_KEY environment variable.
[Process Chain Manager] ERR: Error: Authentication required. Please run 'agent login' first, or set CURSOR_API_KEY environment variable.
[Process Chain Manager] ERR: Error: Authentication required. Please run 'agent login' first, or set CURSOR_API_KEY environment variable.
[Process Chain Manager] ERR: Error: Authentication required. Please run 'agent login' first, or set CURSOR_API_KEY environment variable.
[Process Chain Manager] ERR: Error: Authentication required. Please run 'agent login' first, or set CURSOR_API_KEY environment variable.
[Process Chain Manager] ERR: Error: Authentication required. Please run 'agent login' first, or set CURSOR_API_KEY environment variable.
[Process Chain Manager] ERR: Error: Authentication required. Please run 'agent login' first, or set CURSOR_API_KEY environment variable.
[Process Chain Manager] ERR: Error: Authentication required. Please run 'agent login' first, or set CURSOR_API_KEY environment variable.
[Process Chain Manager] ERR: Error: Authentication required. Please run 'agent login' first, or set CURSOR_API_KEY environment variable.
[Process Chain Manager] ERR: Error: Authentication required. Please run 'agent login' first, or set CURSOR_API_KEY environment variable.
[Process Chain Manager] ERR: Error: Authentication required. Please run 'agent login' first, or set CURSOR_API_KEY environment variable.
[Process Chain Manager] ERR: Error: Authentication required. Please run 'agent login' first, or set CURSOR_API_KEY environment variable.
[Process Chain Manager] ERR: Error: Authentication required. Please run 'agent login' first, or set CURSOR_API_KEY environment variable.
[Process Chain Manager] ERR: Error: Authentication required. Please run 'agent login' first, or set CURSOR_API_KEY environment variable.
[Process Chain Manager] ERR: Error: Authentication required. Please run 'agent login' first, or set CURSOR_API_KEY environment variable.
[Process Chain Manager] ERR: Error: Authentication required. Please run 'agent login' first, or set CURSOR_API_KEY environment variable.
[Process Chain Manager] ERR: Error: Authentication required. Please run 'agent login' first, or set CURSOR_API_KEY environment variable.
[Process Chain Manager] ERR: Error: Authentication required. Please run 'agent login' first, or set CURSOR_API_KEY environment variable.
[Process Chain Manager] ERR: Error: Authentication required. Please run 'agent login' first, or set CURSOR_API_KEY environment variable.
[Process Chain Manager] ERR: Error: Authentication required. Please run 'agent login' first, or set CURSOR_API_KEY environment variable.
[Process Chain Manager] ERR: Error: Authentication required. Please run 'agent login' first, or set CURSOR_API_KEY environment variable.
[Process Chain Manager] ERR: Error: Authentication required. Please run 'agent login' first, or set CURSOR_API_KEY environment variable.
[Process Chain Manager] ERR: Error: Authentication required. Please run 'agent login' first, or set CURSOR_API_KEY environment variable.
[Process Chain Manager] ERR: Error: Authentication required. Please run 'agent login' first, or set CURSOR_API_KEY environment variable.
[Process Chain Manager] ERR: Error: Authentication required. Please run 'agent login' first, or set CURSOR_API_KEY environment variable.
[Process Chain Manager] ERR: Error: Authentication required. Please run 'agent login' first, or set CURSOR_API_KEY environment variable.
[Process Chain Manager] ERR: Error: Authentication required. Please run 'agent login' first, or set CURSOR_API_KEY environment variable.
[Process Chain Manager] ERR: Error: Authentication required. Please run 'agent login' first, or set CURSOR_API_KEY environment variable.
[Process Chain Manager] ERR: Error: Authentication required. Please run 'agent login' first, or set CURSOR_API_KEY environment variable.
[Process Chain Manager] ERR: Error: Authentication required. Please run 'agent login' first, or set CURSOR_API_KEY environment variable.
[Process Chain Manager] ERR: Error: Authentication required. Please run 'agent login' first, or set CURSOR_API_KEY environment variable.
[Process Chain Manager] ERR: Error: Authentication required. Please run 'agent login' first, or set CURSOR_API_KEY environment variable.
[Process Chain Manager] ERR: Error: Authentication required. Please run 'agent login' first, or set CURSOR_API_KEY environment variable.
[Process Chain Manager] ERR: Error: Authentication required. Please run 'agent login' first, or set CURSOR_API_KEY environment variable.
[Process Chain Manager] ERR: Error: Authentication required. Please run 'agent login' first, or set CURSOR_API_KEY environment variable.
[Process Chain Manager] ERR: Error: Authentication required. Please run 'agent login' first, or set CURSOR_API_KEY environment variable.
[Process Chain Manager] ERR: Error: Authentication required. Please run 'agent login' first, or set CURSOR_API_KEY environment variable.
[Process Chain Manager] ERR: Error: Authentication required. Please run 'agent login' first, or set CURSOR_API_KEY environment variable.
[Process Chain Manager] ERR: Error: Authentication required. Please run 'agent login' first, or set CURSOR_API_KEY environment variable.
[Process Chain Manager] ERR: Error: Authentication required. Please run 'agent login' first, or set CURSOR_API_KEY environment variable.
[Process Chain Manager] ERR: Error: Authentication required. Please run 'agent login' first, or set CURSOR_API_KEY environment variable.
[Process Chain Manager] ERR: Error: Authentication required. Please run 'agent login' first, or set CURSOR_API_KEY environment variable.
[Process Chain Manager] ERR: Error: Authentication required. Please run 'agent login' first, or set CURSOR_API_KEY environment variable.
!! Poll error: fetch failed
[Process Chain Manager] ERR: Error: Authentication required. Please run 'agent login' first, or set CURSOR_API_KEY environment variable.
[Process Chain Manager] ERR: Error: Authentication required. Please run 'agent login' first, or set CURSOR_API_KEY environment variable.
[Process Chain Manager] ERR: Error: Authentication required. Please run 'agent login' first, or set CURSOR_API_KEY environment variable.
!! Poll error: fetch failed
[Process Chain Manager] ERR: Error: Authentication required. Please run 'agent login' first, or set CURSOR_API_KEY environment variable.
[Process Chain Manager] ERR: Error: Authentication required. Please run 'agent login' first, or set CURSOR_API_KEY environment variable.
[Process Chain Manager] ERR: Error: Authentication required. Please run 'agent login' first, or set CURSOR_API_KEY environment variable.
[Process Chain Manager] ERR: Error: Authentication required. Please run 'agent login' first, or set CURSOR_API_KEY environment variable.
[Process Chain Manager] ERR: Error: Authentication required. Please run 'agent login' first, or set CURSOR_API_KEY environment variable.
[Process Chain Manager] ERR: Error: Authentication required. Please run 'agent login' first, or set CURSOR_API_KEY environment variable.
[Process Chain Manager] ERR: Error: Authentication required. Please run 'agent login' first, or set CURSOR_API_KEY environment variable.
[Process Chain Manager] ERR: Error: Authentication required. Please run 'agent login' first, or set CURSOR_API_KEY environment variable.
[Process Chain Manager] ERR: Error: Authentication required. Please run 'agent login' first, or set CURSOR_API_KEY environment variable.
[Process Chain Manager] ERR: Error: Authentication required. Please run 'agent login' first, or set CURSOR_API_KEY environment variable.
[Process Chain Manager] ERR: Error: Authentication required. Please run 'agent login' first, or set CURSOR_API_KEY environment variable.
[Process Chain Manager] ERR: Error: Authentication required. Please run 'agent login' first, or set CURSOR_API_KEY environment variable.
[Process Chain Manager] ERR: Error: Authentication required. Please run 'agent login' first, or set CURSOR_API_KEY environment variable.
[Process Chain Manager] ERR: Error: Authentication required. Please run 'agent login' first, or set CURSOR_API_KEY environment variable.
[Process Chain Manager] ERR: Error: Authentication required. Please run 'agent login' first, or set CURSOR_API_KEY environment variable.
[Process Chain Manager] ERR: Error: Authentication required. Please run 'agent login' first, or set CURSOR_API_KEY environment variable.
[Process Chain Manager] ERR: Error: Authentication required. Please run 'agent login' first, or set CURSOR_API_KEY environment variable.
[Process Chain Manager] ERR: Error: Authentication required. Please run 'agent login' first, or set CURSOR_API_KEY environment variable.
[Process Chain Manager] ERR: Error: Authentication required. Please run 'agent login' first, or set CURSOR_API_KEY environment variable.
[Process Chain Manager] ERR: Error: Authentication required. Please run 'agent login' first, or set CURSOR_API_KEY environment variable.
[Process Chain Manager] ERR: Error: Authentication required. Please run 'agent login' first, or set CURSOR_API_KEY environment variable.
[Process Chain Manager] ERR: Error: Authentication required. Please run 'agent login' first, or set CURSOR_API_KEY environment variable.
[Process Chain Manager] ERR: Error: Authentication required. Please run 'agent login' first, or set CURSOR_API_KEY environment variable.
[Process Chain Manager] ERR: Error: Authentication required. Please run 'agent login' first, or set CURSOR_API_KEY environment variable.
[Process Chain Manager] ERR: Error: Authentication required. Please run 'agent login' first, or set CURSOR_API_KEY environment variable.
[Process Chain Manager] ERR: Error: Authentication required. Please run 'agent login' first, or set CURSOR_API_KEY environment variable.
[Process Chain Manager] ERR: Error: Authentication required. Please run 'agent login' first, or set CURSOR_API_KEY environment variable.
[Process Chain Manager] ERR: Error: Authentication required. Please run 'agent login' first, or set CURSOR_API_KEY environment variable.
[Process Chain Manager] ERR: Error: Authentication required. Please run 'agent login' first, or set CURSOR_API_KEY environment variable.
[Process Chain Manager] ERR: Error: Authentication required. Please run 'agent login' first, or set CURSOR_API_KEY environment variable.
[Process Chain Manager] ERR: Error: Authentication required. Please run 'agent login' first, or set CURSOR_API_KEY environment variable.
[Process Chain Manager] ERR: Error: Authentication required. Please run 'agent login' first, or set CURSOR_API_KEY environment variable.
[Process Chain Manager] ERR: Error: Authentication required. Please run 'agent login' first, or set CURSOR_API_KEY environment variable.
[Process Chain Manager] ERR: Error: Authentication required. Please run 'agent login' first, or set CURSOR_API_KEY environment variable.
[Process Chain Manager] ERR: Error: Authentication required. Please run 'agent login' first, or set CURSOR_API_KEY environment variable.
[Process Chain Manager] ERR: Error: Authentication required. Please run 'agent login' first, or set CURSOR_API_KEY environment variable.
[Process Chain Manager] ERR: Error: Authentication required. Please run 'agent login' first, or set CURSOR_API_KEY environment variable.
[Process Chain Manager] ERR: Error: Authentication required. Please run 'agent login' first, or set CURSOR_API_KEY environment variable.
[Process Chain Manager] ERR: Error: Authentication required. Please run 'agent login' first, or set CURSOR_API_KEY environment variable.
[Process Chain Manager] ERR: Error: Authentication required. Please run 'agent login' first, or set CURSOR_API_KEY environment variable.
[Process Chain Manager] ERR: Error: Authentication required. Please run 'agent login' first, or set CURSOR_API_KEY environment variable.
[Process Chain Manager] ERR: Error: Authentication required. Please run 'agent login' first, or set CURSOR_API_KEY environment variable.
[Process Chain Manager] ERR: Error: Authentication required. Please run 'agent login' first, or set CURSOR_API_KEY environment variable.
[Process Chain Manager] ERR: Error: Authentication required. Please run 'agent login' first, or set CURSOR_API_KEY environment variable.
[Process Chain Manager] ERR: Error: Authentication required. Please run 'agent login' first, or set CURSOR_API_KEY environment variable.
[Process Chain Manager] ERR: Error: Authentication required. Please run 'agent login' first, or set CURSOR_API_KEY environment variable.
[Process Chain Manager] ERR: Error: Authentication required. Please run 'agent login' first, or set CURSOR_API_KEY environment variable.
[Process Chain Manager] ERR: Error: Authentication required. Please run 'agent login' first, or set CURSOR_API_KEY environment variable.
[Process Chain Manager] ERR: Error: Authentication required. Please run 'agent login' first, or set CURSOR_API_KEY environment variable.
[Process Chain Manager] ERR: Error: Authentication required. Please run 'agent login' first, or set CURSOR_API_KEY environment variable.
[Process Chain Manager] ERR: Error: Authentication required. Please run 'agent login' first, or set CURSOR_API_KEY environment variable.
[Process Chain Manager] ERR: Error: Authentication required. Please run 'agent login' first, or set CURSOR_API_KEY environment variable.
[Process Chain Manager] ERR: Error: Authentication required. Please run 'agent login' first, or set CURSOR_API_KEY environment variable.
[Process Chain Manager] ERR: Error: Authentication required. Please run 'agent login' first, or set CURSOR_API_KEY environment variable.
[Process Chain Manager] ERR: Error: Authentication required. Please run 'agent login' first, or set CURSOR_API_KEY environment variable.
[Process Chain Manager] ERR: Error: Authentication required. Please run 'agent login' first, or set CURSOR_API_KEY environment variable.
[Process Chain Manager] ERR: Error: Authentication required. Please run 'agent login' first, or set CURSOR_API_KEY environment variable.
[Process Chain Manager] ERR: Error: Authentication required. Please run 'agent login' first, or set CURSOR_API_KEY environment variable.
[Process Chain Manager] ERR: Error: Authentication required. Please run 'agent login' first, or set CURSOR_API_KEY environment variable.
[Process Chain Manager] ERR: Error: Authentication required. Please run 'agent login' first, or set CURSOR_API_KEY environment variable.
[Process Chain Manager] ERR: Error: Authentication required. Please run 'agent login' first, or set CURSOR_API_KEY environment variable.
[Process Chain Manager] ERR: Error: Authentication required. Please run 'agent login' first, or set CURSOR_API_KEY environment variable.
[Process Chain Manager] ERR: Error: Authentication required. Please run 'agent login' first, or set CURSOR_API_KEY environment variable.
[Process Chain Manager] ERR: Error: Authentication required. Please run 'agent login' first, or set CURSOR_API_KEY environment variable.
[Process Chain Manager] ERR: Error: Authentication required. Please run 'agent login' first, or set CURSOR_API_KEY environment variable.
[Process Chain Manager] ERR: Error: Authentication required. Please run 'agent login' first, or set CURSOR_API_KEY environment variable.
[Process Chain Manager] ERR: Error: Authentication required. Please run 'agent login' first, or set CURSOR_API_KEY environment variable.
[Process Chain Manager] ERR: Error: Authentication required. Please run 'agent login' first, or set CURSOR_API_KEY environment variable.
[Process Chain Manager] ERR: Error: Authentication required. Please run 'agent login' first, or set CURSOR_API_KEY environment variable.
[Process Chain Manager] ERR: Error: Authentication required. Please run 'agent login' first, or set CURSOR_API_KEY environment variable.
[Process Chain Manager] ERR: Error: Authentication required. Please run 'agent login' first, or set CURSOR_API_KEY environment variable.
[Process Chain Manager] ERR: Error: Authentication required. Please run 'agent login' first, or set CURSOR_API_KEY environment variable.
[Process Chain Manager] ERR: Error: Authentication required. Please run 'agent login' first, or set CURSOR_API_KEY environment variable.
[Process Chain Manager] ERR: Error: Authentication required. Please run 'agent login' first, or set CURSOR_API_KEY environment variable.
[Process Chain Manager] ERR: Error: Authentication required. Please run 'agent login' first, or set CURSOR_API_KEY environment variable.
[Process Chain Manager] ERR: Error: Authentication required. Please run 'agent login' first, or set CURSOR_API_KEY environment variable.
[Process Chain Manager] ERR: Error: Authentication required. Please run 'agent login' first, or set CURSOR_API_KEY environment variable.
[Process Chain Manager] ERR: Error: Authentication required. Please run 'agent login' first, or set CURSOR_API_KEY environment variable.
[Process Chain Manager] ERR: Error: Authentication required. Please run 'agent login' first, or set CURSOR_API_KEY environment variable.
[Process Chain Manager] ERR: Error: Authentication required. Please run 'agent login' first, or set CURSOR_API_KEY environment variable.
[Process Chain Manager] ERR: Error: Authentication required. Please run 'agent login' first, or set CURSOR_API_KEY environment variable.
[Process Chain Manager] ERR: Error: Authentication required. Please run 'agent login' first, or set CURSOR_API_KEY environment variable.
[Process Chain Manager] ERR: Error: Authentication required. Please run 'agent login' first, or set CURSOR_API_KEY environment variable.
[Process Chain Manager] ERR: Error: Authentication required. Please run 'agent login' first, or set CURSOR_API_KEY environment variable.
[Process Chain Manager] ERR: Error: Authentication required. Please run 'agent login' first, or set CURSOR_API_KEY environment variable.
[Process Chain Manager] ERR: Error: Authentication required. Please run 'agent login' first, or set CURSOR_API_KEY environment variable.
[Process Chain Manager] ERR: Error: Authentication required. Please run 'agent login' first, or set CURSOR_API_KEY environment variable.
[Process Chain Manager] ERR: Error: Authentication required. Please run 'agent login' first, or set CURSOR_API_KEY environment variable.
[Process Chain Manager] ERR: Error: Authentication required. Please run 'agent login' first, or set CURSOR_API_KEY environment variable.
[Process Chain Manager] ERR: Error: Authentication required. Please run 'agent login' first, or set CURSOR_API_KEY environment variable.
[Process Chain Manager] ERR: Error: Authentication required. Please run 'agent login' first, or set CURSOR_API_KEY environment variable.
[Process Chain Manager] ERR: Error: Authentication required. Please run 'agent login' first, or set CURSOR_API_KEY environment variable.
[Process Chain Manager] ERR: Error: Authentication required. Please run 'agent login' first, or set CURSOR_API_KEY environment variable.
[Process Chain Manager] ERR: Error: Authentication required. Please run 'agent login' first, or set CURSOR_API_KEY environment variable.
[Process Chain Manager] ERR: Error: Authentication required. Please run 'agent login' first, or set CURSOR_API_KEY environment variable.
[Process Chain Manager] ERR: Error: Authentication required. Please run 'agent login' first, or set CURSOR_API_KEY environment variable.
[Process Chain Manager] ERR: Error: Authentication required. Please run 'agent login' first, or set CURSOR_API_KEY environment variable.
[Process Chain Manager] ERR: Error: Authentication required. Please run 'agent login' first, or set CURSOR_API_KEY environment variable.
[Process Chain Manager] ERR: Error: Authentication required. Please run 'agent login' first, or set CURSOR_API_KEY environment variable.
[Process Chain Manager] ERR: Error: Authentication required. Please run 'agent login' first, or set CURSOR_API_KEY environment variable.
[Process Chain Manager] ERR: Error: Authentication required. Please run 'agent login' first, or set CURSOR_API_KEY environment variable.
!! Poll error: fetch failed
[Process Chain Manager] ERR: Error: Authentication required. Please run 'agent login' first, or set CURSOR_API_KEY environment variable.
[Process Chain Manager] ERR: Error: Authentication required. Please run 'agent login' first, or set CURSOR_API_KEY environment variable.
[Process Chain Manager] ERR: Error: Authentication required. Please run 'agent login' first, or set CURSOR_API_KEY environment variable.
[Process Chain Manager] ERR: Error: Authentication required. Please run 'agent login' first, or set CURSOR_API_KEY environment variable.
[Process Chain Manager] ERR: Error: Authentication required. Please run 'agent login' first, or set CURSOR_API_KEY environment variable.
[Process Chain Manager] ERR: Error: Authentication required. Please run 'agent login' first, or set CURSOR_API_KEY environment variable.
[Process Chain Manager] ERR: Error: Authentication required. Please run 'agent login' first, or set CURSOR_API_KEY environment variable.
[Process Chain Manager] ERR: Error: Authentication required. Please run 'agent login' first, or set CURSOR_API_KEY environment variable.
[Process Chain Manager] ERR: Error: Authentication required. Please run 'agent login' first, or set CURSOR_API_KEY environment variable.
[Process Chain Manager] ERR: Error: Authentication required. Please run 'agent login' first, or set CURSOR_API_KEY environment variable.
[Process Chain Manager] ERR: Error: Authentication required. Please run 'agent login' first, or set CURSOR_API_KEY environment variable.
[Process Chain Manager] ERR: Error: Authentication required. Please run 'agent login' first, or set CURSOR_API_KEY environment variable.
[Process Chain Manager] ERR: Error: Authentication required. Please run 'agent login' first, or set CURSOR_API_KEY environment variable.
[Process Chain Manager] ERR: Error: Authentication required. Please run 'agent login' first, or set CURSOR_API_KEY environment variable.
[Process Chain Manager] ERR: Error: Authentication required. Please run 'agent login' first, or set CURSOR_API_KEY environment variable.
[Process Chain Manager] ERR: Error: Authentication required. Please run 'agent login' first, or set CURSOR_API_KEY environment variable.
[Process Chain Manager] ERR: Error: Authentication required. Please run 'agent login' first, or set CURSOR_API_KEY environment variable.
[Process Chain Manager] ERR: Error: Authentication required. Please run 'agent login' first, or set CURSOR_API_KEY environment variable.
[Process Chain Manager] ERR: Error: Authentication required. Please run 'agent login' first, or set CURSOR_API_KEY environment variable.
[Process Chain Manager] ERR: Error: Authentication required. Please run 'agent login' first, or set CURSOR_API_KEY environment variable.
[Process Chain Manager] ERR: Error: Authentication required. Please run 'agent login' first, or set CURSOR_API_KEY environment variable.
!! Poll error: fetch failed
[Process Chain Manager] ERR: Error: Authentication required. Please run 'agent login' first, or set CURSOR_API_KEY environment variable.
!! Poll error: fetch failed
[Process Chain Manager] ERR: Error: Authentication required. Please run 'agent login' first, or set CURSOR_API_KEY environment variable.
!! Poll error: fetch failed
!! Poll error: fetch failed
[Process Chain Manager] ERR: Error: Authentication required. Please run 'agent login' first, or set CURSOR_API_KEY environment variable.
[Process Chain Manager] ERR: Error: Authentication required. Please run 'agent login' first, or set CURSOR_API_KEY environment variable.
[Process Chain Manager] ERR: Error: Authentication required. Please run 'agent login' first, or set CURSOR_API_KEY environment variable.
[Process Chain Manager] ERR: Error: Authentication required. Please run 'agent login' first, or set CURSOR_API_KEY environment variable.
[Process Chain Manager] ERR: Error: Authentication required. Please run 'agent login' first, or set CURSOR_API_KEY environment variable.
!! Poll error: fetch failed
[Process Chain Manager] ERR: Error: Authentication required. Please run 'agent login' first, or set CURSOR_API_KEY environment variable.
!! Poll error: fetch failed
[Process Chain Manager] ERR: Error: Authentication required. Please run 'agent login' first, or set CURSOR_API_KEY environment variable.
!! Poll error: fetch failed
[Process Chain Manager] ERR: Error: Authentication required. Please run 'agent login' first, or set CURSOR_API_KEY environment variable.
[Process Chain Manager] ERR: Error: Authentication required. Please run 'agent login' first, or set CURSOR_API_KEY environment variable.
[Process Chain Manager] ERR: Error: Authentication required. Please run 'agent login' first, or set CURSOR_API_KEY environment variable.
!! Poll error: fetch failed
[Process Chain Manager] ERR: Error: Authentication required. Please run 'agent login' first, or set CURSOR_API_KEY environment variable.
[Process Chain Manager] ERR: Error: Authentication required. Please run 'agent login' first, or set CURSOR_API_KEY environment variable.
!! Poll error: fetch failed
!! Poll error: fetch failed
[Process Chain Manager] ERR: Error: Authentication required. Please run 'agent login' first, or set CURSOR_API_KEY environment variable.
!! Poll error: fetch failed
!! Poll error: fetch failed
[Process Chain Manager] ERR: Error: Authentication required. Please run 'agent login' first, or set CURSOR_API_KEY environment variable.
[Process Chain Manager] ERR: Error: Authentication required. Please run 'agent login' first, or set CURSOR_API_KEY environment variable.
[Process Chain Manager] ERR: Error: Authentication required. Please run 'agent login' first, or set CURSOR_API_KEY environment variable.
[Process Chain Manager] ERR: Error: Authentication required. Please run 'agent login' first, or set CURSOR_API_KEY environment variable.
[Process Chain Manager] ERR: Error: Authentication required. Please run 'agent login' first, or set CURSOR_API_KEY environment variable.
!! Poll error: fetch failed
!! Poll error: fetch failed
[Process Chain Manager] ERR: Error: Authentication required. Please run 'agent login' first, or set CURSOR_API_KEY environment variable.
[Process Chain Manager] ERR: Error: Authentication required. Please run 'agent login' first, or set CURSOR_API_KEY environment variable.
[Process Chain Manager] ERR: Error: Authentication required. Please run 'agent login' first, or set CURSOR_API_KEY environment variable.
[Process Chain Manager] ERR: Error: Authentication required. Please run 'agent login' first, or set CURSOR_API_KEY environment variable.
[Process Chain Manager] ERR: Error: Authentication required. Please run 'agent login' first, or set CURSOR_API_KEY environment variable.
[Process Chain Manager] ERR: Error: Authentication required. Please run 'agent login' first, or set CURSOR_API_KEY environment variable.
[Process Chain Manager] ERR: Error: Authentication required. Please run 'agent login' first, or set CURSOR_API_KEY environment variable.
[Process Chain Manager] ERR: Error: Authentication required. Please run 'agent login' first, or set CURSOR_API_KEY environment variable.
[Process Chain Manager] ERR: Error: Authentication required. Please run 'agent login' first, or set CURSOR_API_KEY environment variable.
[Process Chain Manager] ERR: Error: Authentication required. Please run 'agent login' first, or set CURSOR_API_KEY environment variable.
[Process Chain Manager] ERR: Error: Authentication required. Please run 'agent login' first, or set CURSOR_API_KEY environment variable.
[Process Chain Manager] ERR: Error: Authentication required. Please run 'agent login' first, or set CURSOR_API_KEY environment variable.
[Process Chain Manager] ERR: Error: Authentication required. Please run 'agent login' first, or set CURSOR_API_KEY environment variable.
[Process Chain Manager] ERR: Error: Authentication required. Please run 'agent login' first, or set CURSOR_API_KEY environment variable.
[Process Chain Manager] ERR: Error: Authentication required. Please run 'agent login' first, or set CURSOR_API_KEY environment variable.
[Process Chain Manager] ERR: Error: Authentication required. Please run 'agent login' first, or set CURSOR_API_KEY environment variable.
[Process Chain Manager] ERR: Error: Authentication required. Please run 'agent login' first, or set CURSOR_API_KEY environment variable.
[Process Chain Manager] ERR: Error: Authentication required. Please run 'agent login' first, or set CURSOR_API_KEY environment variable.
[Process Chain Manager] ERR: Error: Authentication required. Please run 'agent login' first, or set CURSOR_API_KEY environment variable.
[Process Chain Manager] ERR: Error: Authentication required. Please run 'agent login' first, or set CURSOR_API_KEY environment variable.
[Process Chain Manager] ERR: Error: Authentication required. Please run 'agent login' first, or set CURSOR_API_KEY environment variable.
[Process Chain Manager] ERR: Error: Authentication required. Please run 'agent login' first, or set CURSOR_API_KEY environment variable.
[Process Chain Manager] ERR: Error: Authentication required. Please run 'agent login' first, or set CURSOR_API_KEY environment variable.
[Process Chain Manager] ERR: Error: Authentication required. Please run 'agent login' first, or set CURSOR_API_KEY environment variable.
[Process Chain Manager] ERR: Error: Authentication required. Please run 'agent login' first, or set CURSOR_API_KEY environment variable.
[Process Chain Manager] ERR: Error: Authentication required. Please run 'agent login' first, or set CURSOR_API_KEY environment variable.
!! Runner crash 5f48c5fa-2d9e-44d2-89e4-da2ce3b628c2: Error: ENOSPC: no space left on device, open '/Users/tobiasmastek/paperclip/logs/run-5f48c5fa-2d9e-44d2-89e4-da2ce3b628c2-Process_Chain_Manager.log'
    at Module.writeFileSync (node:fs:2398:20)
    at executeRun (file:///Users/tobiasmastek/paperclip/scripts/local-runner-macos.mjs:647:6) {
  errno: -28,
  code: 'ENOSPC',
  syscall: 'open',
  path: '/Users/tobiasmastek/paperclip/logs/run-5f48c5fa-2d9e-44d2-89e4-da2ce3b628c2-Process_Chain_Manager.log'
}
[Process Chain Manager] ERR: Error: Authentication required. Please run 'agent login' first, or set CURSOR_API_KEY environment variable.
!! Poll error: fetch failed
!! Poll error: fetch failed
!! Poll error: fetch failed
!! Poll error: fetch failed
!! Poll error: fetch failed
!! Poll error: fetch failed
!! Poll error: fetch failed
!! Poll error: fetch failed
!! Poll error: fetch failed
!! Poll error: fetch failed
!! Poll error: fetch failed
!! Poll error: fetch failed
!! Poll error: fetch failed
!! Poll error: fetch failed
!! Poll error: fetch failed
!! Poll error: fetch failed
!! Poll error: fetch failed
!! Poll error: fetch failed
!! Poll error: fetch failed
!! Poll error: fetch failed
!! Poll error: fetch failed
!! Poll error: fetch failed
!! Poll error: fetch failed
!! Poll error: fetch failed
!! Poll error: fetch failed
!! Poll error: fetch failed
!! Poll error: fetch failed
!! Poll error: fetch failed
!! Poll error: fetch failed
!! Poll error: fetch failed
!! Poll error: fetch failed
!! Poll error: fetch failed
!! Poll error: fetch failed
!! Poll error: fetch failed
!! Poll error: fetch failed
!! Poll error: fetch failed
!! Poll error: fetch failed
!! Poll error: fetch failed
!! Poll error: fetch failed
!! Poll error: fetch failed
!! Poll error: fetch failed
!! Poll error: fetch failed
!! Poll error: fetch failed
!! Poll error: fetch failed
!! Poll error: fetch failed
!! Poll error: fetch failed
!! Poll error: fetch failed
!! Poll error: fetch failed
!! Poll error: fetch failed
!! Poll error: fetch failed
!! Poll error: fetch failed
!! Poll error: fetch failed
!! Poll error: fetch failed
!! Poll error: fetch failed
!! Poll error: fetch failed
!! Poll error: fetch failed
!! Poll error: fetch failed
!! Poll error: fetch failed
!! Poll error: fetch failed
!! Poll error: fetch failed
!! Poll error: fetch failed
!! Poll error: fetch failed
!! Poll error: fetch failed
!! Poll error: fetch failed
!! Poll error: fetch failed
!! Poll error: fetch failed
!! Poll error: fetch failed
!! Poll error: fetch failed
!! Poll error: fetch failed
!! Poll error: fetch failed
!! Poll error: fetch failed
!! Poll error: fetch failed
!! Poll error: fetch failed
!! Poll error: fetch failed
!! Poll error: fetch failed
!! Poll error: fetch failed
!! Poll error: fetch failed
!! Poll error: fetch failed
!! Poll error: fetch failed
!! Poll error: fetch failed
!! Poll error: fetch failed
!! Poll error: fetch failed
!! Poll error: fetch failed
!! Poll error: fetch failed
!! Poll error: fetch failed
!! Poll error: fetch failed
!! Poll error: fetch failed
!! Poll error: fetch failed
!! Poll error: fetch failed
!! Poll error: fetch failed
!! Poll error: fetch failed
!! Poll error: fetch failed
!! Poll error: fetch failed
!! Poll error: fetch failed
!! Poll error: fetch failed
!! Poll error: fetch failed
!! Poll error: fetch failed
!! Poll error: fetch failed
!! Poll error: fetch failed
!! Poll error: fetch failed
!! Poll error: fetch failed
!! Poll error: fetch failed
!! Poll error: fetch failed
!! Poll error: fetch failed
!! Poll error: fetch failed
!! Poll error: fetch failed
!! Poll error: fetch failed
!! Poll error: fetch failed
!! Poll error: fetch failed
!! Poll error: fetch failed
!! Poll error: fetch failed
!! Poll error: fetch failed
!! Poll error: fetch failed
!! Poll error: fetch failed
!! Poll error: fetch failed
!! Poll error: fetch failed
!! Poll error: fetch failed
!! Poll error: fetch failed
!! Poll error: fetch failed
!! Poll error: fetch failed
!! Poll error: fetch failed
!! Poll error: fetch failed
!! Poll error: fetch failed
!! Poll error: fetch failed
!! Poll error: fetch failed
!! Poll error: fetch failed
!! Poll error: fetch failed
!! Poll error: fetch failed
!! Poll error: fetch failed
!! Poll error: fetch failed
!! Poll error: fetch failed
!! Poll error: fetch failed
!! Poll error: fetch failed
!! Poll error: fetch failed
!! Poll error: fetch failed
!! Poll error: fetch failed
!! Poll error: fetch failed
!! Poll error: fetch failed
!! Poll error: fetch failed
!! Poll error: fetch failed
!! Poll error: fetch failed
!! Poll error: fetch failed
!! Poll error: fetch failed
!! Poll error: fetch failed
!! Poll error: fetch failed
!! Poll error: fetch failed
!! Poll error: fetch failed
!! Poll error: fetch failed
!! Poll error: fetch failed
!! Poll error: fetch failed
!! Poll error: fetch failed
!! Poll error: fetch failed
!! Poll error: fetch failed
!! Poll error: fetch failed
!! Poll error: fetch failed
!! Poll error: fetch failed
!! Poll error: fetch failed
!! Poll error: fetch failed
!! Poll error: fetch failed
!! Poll error: fetch failed
!! Poll error: fetch failed
!! Poll error: fetch failed
!! Poll error: fetch failed
!! Poll error: fetch failed
!! Poll error: fetch failed
!! Poll error: fetch failed
!! Poll error: fetch failed
!! Poll error: fetch failed
!! Poll error: fetch failed
!! Poll error: fetch failed
!! Poll error: fetch failed
!! Poll error: fetch failed
!! Poll error: fetch failed
!! Poll error: fetch failed
!! Poll error: fetch failed
!! Poll error: fetch failed
!! Poll error: fetch failed
!! Poll error: fetch failed
!! Poll error: fetch failed
!! Poll error: fetch failed
!! Poll error: fetch failed
!! Poll error: fetch failed
!! Poll error: fetch failed
!! Poll error: fetch failed
!! Poll error: fetch failed
!! Poll error: fetch failed
!! Poll error: fetch failed
!! Poll error: fetch failed
!! Poll error: fetch failed
!! Poll error: fetch failed
!! Poll error: fetch failed
!! Poll error: fetch failed
!! Poll error: fetch failed
!! Poll error: fetch failed
!! Poll error: fetch failed
!! Poll error: fetch failed
!! Poll error: fetch failed
!! Poll error: fetch failed
!! Poll error: fetch failed
!! Poll error: fetch failed
!! Poll error: fetch failed
!! Poll error: fetch failed
!! Poll error: fetch failed
!! Poll error: fetch failed
[Process Chain Manager] ERR: Error: Authentication required. Please run 'agent login' first, or set CURSOR_API_KEY environment variable.
!! Poll error: fetch failed
!! Poll error: fetch failed
!! Poll error: fetch failed
!! Poll error: fetch failed
!! Poll error: fetch failed
!! Poll error: fetch failed
!! Poll error: fetch failed
!! Poll error: fetch failed
!! Poll error: fetch failed
!! Poll error: fetch failed
!! Poll error: fetch failed
!! Poll error: fetch failed
!! Poll error: fetch failed
!! Poll error: fetch failed
!! Poll error: fetch failed
!! Poll error: fetch failed
!! Poll error: fetch failed
!! Poll error: fetch failed
!! Poll error: fetch failed
!! Poll error: fetch failed
!! Poll error: fetch failed
!! Poll error: fetch failed
!! Poll error: fetch failed
!! Poll error: fetch failed
!! Poll error: fetch failed
!! Poll error: fetch failed
!! Poll error: fetch failed
!! Poll error: fetch failed
!! Poll error: fetch failed
!! Poll error: fetch failed
!! Poll error: fetch failed

Node.js v25.8.1
!! Poll error: fetch failed
!! Poll error: fetch failed
!! Poll error: fetch failed
!! Poll error: fetch failed
!! Poll error: fetch failed
!! Poll error: fetch failed
!! Poll error: fetch failed
!! Poll error: fetch failed
!! Poll error: fetch failed
!! Poll error: fetch failed
!! Poll error: fetch failed
!! Poll error: fetch failed
!! Poll error: fetch failed
!! Poll error: fetch failed
!! Poll error: fetch failed
!! Poll error: fetch failed
!! Poll error: fetch failed
!! Poll error: fetch failed
!! Poll error: fetch failed
!! Poll error: fetch failed
!! Poll error: fetch failed
!! Poll error: fetch failed
!! Poll error: fetch failed
!! Poll error: fetch failed
!! Poll error: fetch failed
!! Poll error: fetch failed
!! Poll error: fetch failed
!! Poll error: fetch failed
!! Poll error: fetch failed
!! Poll error: fetch failed
!! Poll error: fetch failed
!! Poll error: fetch failed
!! Poll error: fetch failed
!! Poll error: fetch failed
!! Poll error: fetch failed
!! Poll error: fetch failed
!! Poll error: fetch failed
!! Poll error: fetch failed
!! Poll error: fetch failed
!! Poll error: fetch failed
!! Poll error: fetch failed
!! Poll error: fetch failed
!! Poll error: fetch failed
!! Poll error: fetch failed
!! Poll error: fetch failed
!! Poll error: fetch failed
!! Poll error: fetch failed
!! Poll error: fetch failed
!! Poll error: fetch failed
!! Poll error: fetch failed
!! Poll error: fetch failed
!! Poll error: fetch failed
!! Poll error: fetch failed
!! Poll error: fetch failed
!! Poll error: fetch failed
!! Poll error: fetch failed
!! Poll error: fetch failed
!! Poll error: fetch failed
!! Poll error: fetch failed
!! Poll error: fetch failed
!! Poll error: fetch failed
!! Poll error: fetch failed
!! Poll error: fetch failed
!! Poll error: fetch failed
!! Poll error: fetch failed
!! Poll error: fetch failed
!! Poll error: fetch failed
!! Poll error: fetch failed
!! Poll error: fetch failed
!! Poll error: fetch failed
!! Poll error: fetch failed
!! Poll error: fetch failed
!! Poll error: fetch failed
!! Poll error: fetch failed
!! Poll error: fetch failed
!! Poll error: fetch failed
!! Poll error: fetch failed
!! Poll error: fetch failed
!! Poll error: fetch failed
!! Poll error: fetch failed
!! Poll error: fetch failed
!! Poll error: fetch failed
!! Poll error: fetch failed
!! Poll error: fetch failed
!! Poll error: fetch failed
!! Poll error: fetch failed
!! Poll error: fetch failed
!! Poll error: fetch failed
!! Poll error: fetch failed
!! Poll error: fetch failed
!! Poll error: fetch failed
!! Poll error: fetch failed
!! Poll error: fetch failed
!! Poll error: fetch failed
!! Poll error: fetch failed
!! Poll error: fetch failed
!! Poll error: fetch failed
!! Poll error: fetch failed
!! Poll error: fetch failed
!! Poll error: fetch failed
[Process Chain Manager] ERR: Error: Authentication required. Please run 'agent login' first, or set CURSOR_API_KEY environment variable.
!! Poll error: API GET /runner/poll?adapterTypes=claude_local,codex_local,cursor,opencode_local,pi_local → 500: {"error":"Internal server error"}
!! Poll error: API GET /runner/poll?adapterTypes=claude_local,codex_local,cursor,opencode_local,pi_local → 500: {"error":"Internal server error"}
!! Poll error: fetch failed
!! Poll error: fetch failed
!! Runner crash 009bdfed-7a77-42c4-b84e-e9f18c0bcf36: Error: ENOSPC: no space left on device, open '/Users/tobiasmastek/paperclip/logs/run-009bdfed-7a77-42c4-b84e-e9f18c0bcf36-Process_Chain_Manager.log'
    at Module.writeFileSync (node:fs:2398:20)
    at executeRun (file:///Users/tobiasmastek/paperclip/scripts/local-runner-macos.mjs:647:6) {
  errno: -28,
  code: 'ENOSPC',
  syscall: 'open',
  path: '/Users/tobiasmastek/paperclip/logs/run-009bdfed-7a77-42c4-b84e-e9f18c0bcf36-Process_Chain_Manager.log'
}
!! Poll error: fetch failed
!! Poll error: fetch failed
!! Poll error: fetch failed
!! Poll error: fetch failed
!! Poll error: fetch failed
!! Poll error: fetch failed
!! Poll error: fetch failed
!! Poll error: fetch failed
!! Poll error: fetch failed
!! Poll error: fetch failed

Node.js v25.8.1
!! Runner crash e8d4e198-4e84-42cf-aebe-3e8c8cdb7694: Error: ENOSPC: no space left on device, open '/Users/tobiasmastek/paperclip/logs/run-e8d4e198-4e84-42cf-aebe-3e8c8cdb7694-Process_Chain_Manager.log'
    at Module.writeFileSync (node:fs:2398:20)
    at executeRun (file:///Users/tobiasmastek/paperclip/scripts/local-runner-macos.mjs:647:6) {
  errno: -28,
  code: 'ENOSPC',
  syscall: 'open',
  path: '/Users/tobiasmastek/paperclip/logs/run-e8d4e198-4e84-42cf-aebe-3e8c8cdb7694-Process_Chain_Manager.log'
}
!! Poll error: fetch failed
!! Poll error: fetch failed
!! Poll error: fetch failed
!! Poll error: fetch failed
!! Poll error: fetch failed
!! Poll error: fetch failed
!! Poll error: fetch failed
!! Poll error: fetch failed
!! Poll error: fetch failed
!! Poll error: fetch failed
!! Poll error: fetch failed
!! Poll error: fetch failed
!! Poll error: fetch failed
!! Poll error: fetch failed
!! Poll error: fetch failed
!! Poll error: fetch failed
!! Poll error: fetch failed
!! Poll error: fetch failed
!! Poll error: fetch failed
!! Poll error: fetch failed
!! Poll error: fetch failed
!! Poll error: fetch failed
!! Poll error: fetch failed
!! Poll error: fetch failed
!! Poll error: fetch failed
!! Poll error: fetch failed
!! Poll error: fetch failed
!! Poll error: fetch failed
!! Poll error: fetch failed
!! Poll error: fetch failed
!! Poll error: fetch failed
!! Poll error: fetch failed
!! Poll error: fetch failed
!! Poll error: fetch failed
!! Poll error: fetch failed
!! Poll error: fetch failed
!! Poll error: fetch failed
!! Poll error: fetch failed
!! Poll error: fetch failed
!! Poll error: fetch failed
!! Poll error: fetch failed
!! Poll error: fetch failed
!! Poll error: fetch failed
!! Poll error: fetch failed
!! Poll error: fetch failed
!! Poll error: fetch failed
!! Poll error: fetch failed
!! Poll error: fetch failed
!! Poll error: fetch failed
!! Poll error: fetch failed
!! Poll error: fetch failed
!! Poll error: fetch failed
!! Poll error: fetch failed
!! Poll error: fetch failed
!! Poll error: fetch failed
!! Poll error: fetch failed
!! Poll error: fetch failed
!! Poll error: fetch failed
!! Poll error: fetch failed
!! Poll error: fetch failed
!! Poll error: fetch failed
!! Poll error: fetch failed
!! Poll error: fetch failed
!! Poll error: fetch failed
!! Poll error: fetch failed
!! Poll error: fetch failed
!! Poll error: fetch failed
!! Poll error: fetch failed
!! Poll error: fetch failed
!! Poll error: fetch failed
!! Poll error: fetch failed
!! Poll error: fetch failed
!! Poll error: fetch failed
!! Poll error: fetch failed
!! Poll error: fetch failed
!! Poll error: fetch failed
!! Poll error: fetch failed
!! Poll error: fetch failed
!! Poll error: fetch failed
!! Poll error: fetch failed
!! Poll error: fetch failed
!! Poll error: fetch failed
!! Poll error: fetch failed
!! Poll error: fetch failed
!! Poll error: fetch failed
!! Poll error: fetch failed
!! Poll error: fetch failed
!! Poll error: fetch failed
!! Poll error: fetch failed
!! Poll error: fetch failed
!! Poll error: fetch failed
!! Poll error: fetch failed
!! Poll error: fetch failed
!! Poll error: fetch failed
!! Poll error: fetch failed
!! Poll error: fetch failed
!! Poll error: fetch failed
!! Poll error: fetch failed
!! Poll error: fetch failed
!! Poll error: fetch failed
!! Poll error: fetch failed
!! Poll error: fetch failed
!! Poll error: fetch failed
!! Poll error: fetch failed
!! Poll error: fetch failed
!! Poll error: fetch failed
!! Poll error: fetch failed
!! Poll error: fetch failed
!! Poll error: fetch failed
!! Poll error: fetch failed
!! Poll error: fetch failed
!! Poll error: fetch failed
!! Poll error: fetch failed
!! Poll error: fetch failed
!! Poll error: fetch failed
!! Poll error: fetch failed
!! Poll error: fetch failed
!! Poll error: fetch failed
!! Poll error: fetch failed
!! Poll error: fetch failed
!! Poll error: fetch failed
!! Poll error: fetch failed
!! Poll error: fetch failed
!! Poll error: fetch failed
!! Poll error: fetch failed
!! Poll error: fetch failed
!! Poll error: fetch failed
!! Poll error: fetch failed
!! Poll error: fetch failed
!! Poll error: fetch failed
!! Poll error: fetch failed
!! Poll error: fetch failed
!! Poll error: fetch failed
[Process Chain Manager] ERR: Error: Authentication required. Please run 'agent login' first, or set CURSOR_API_KEY environment variable.
[Process Chain Manager] ERR: Error: Authentication required. Please run 'agent login' first, or set CURSOR_API_KEY environment variable.
[Process Chain Manager] ERR: Error: Authentication required. Please run 'agent login' first, or set CURSOR_API_KEY environment variable.
[Process Chain Manager] ERR: Error: Authentication required. Please run 'agent login' first, or set CURSOR_API_KEY environment variable.
[Process Chain Manager] ERR: Error: Authentication required. Please run 'agent login' first, or set CURSOR_API_KEY environment variable.
[Process Chain Manager] ERR: Error: Authentication required. Please run 'agent login' first, or set CURSOR_API_KEY environment variable.
[Process Chain Manager] ERR: Error: Authentication required. Please run 'agent login' first, or set CURSOR_API_KEY environment variable.
[Process Chain Manager] ERR: Error: Authentication required. Please run 'agent login' first, or set CURSOR_API_KEY environment variable.
[Process Chain Manager] ERR: Error: Authentication required. Please run 'agent login' first, or set CURSOR_API_KEY environment variable.
[Process Chain Manager] ERR: Error: Authentication required. Please run 'agent login' first, or set CURSOR_API_KEY environment variable.
[Process Chain Manager] ERR: Error: Authentication required. Please run 'agent login' first, or set CURSOR_API_KEY environment variable.
[Process Chain Manager] ERR: Error: Authentication required. Please run 'agent login' first, or set CURSOR_API_KEY environment variable.
[Process Chain Manager] ERR: Error: Authentication required. Please run 'agent login' first, or set CURSOR_API_KEY environment variable.
[Process Chain Manager] ERR: Error: Authentication required. Please run 'agent login' first, or set CURSOR_API_KEY environment variable.
[Process Chain Manager] ERR: Error: Authentication required. Please run 'agent login' first, or set CURSOR_API_KEY environment variable.
[Process Chain Manager] ERR: Error: Authentication required. Please run 'agent login' first, or set CURSOR_API_KEY environment variable.
[Process Chain Manager] ERR: Error: Authentication required. Please run 'agent login' first, or set CURSOR_API_KEY environment variable.
[Process Chain Manager] ERR: Error: Authentication required. Please run 'agent login' first, or set CURSOR_API_KEY environment variable.
[Process Chain Manager] ERR: Error: Authentication required. Please run 'agent login' first, or set CURSOR_API_KEY environment variable.
[Process Chain Manager] ERR: Error: Authentication required. Please run 'agent login' first, or set CURSOR_API_KEY environment variable.
[Process Chain Manager] ERR: Error: Authentication required. Please run 'agent login' first, or set CURSOR_API_KEY environment variable.
[Process Chain Manager] ERR: Error: Authentication required. Please run 'agent login' first, or set CURSOR_API_KEY environment variable.
[Process Chain Manager] ERR: Error: Authentication required. Please run 'agent login' first, or set CURSOR_API_KEY environment variable.
[Process Chain Manager] ERR: Error: Authentication required. Please run 'agent login' first, or set CURSOR_API_KEY environment variable.
[Process Chain Manager] ERR: Error: Authentication required. Please run 'agent login' first, or set CURSOR_API_KEY environment variable.
[Process Chain Manager] ERR: Error: Authentication required. Please run 'agent login' first, or set CURSOR_API_KEY environment variable.
[Process Chain Manager] ERR: Error: Authentication required. Please run 'agent login' first, or set CURSOR_API_KEY environment variable.
[Process Chain Manager] ERR: Error: Authentication required. Please run 'agent login' first, or set CURSOR_API_KEY environment variable.
[Process Chain Manager] ERR: Error: Authentication required. Please run 'agent login' first, or set CURSOR_API_KEY environment variable.
[Process Chain Manager] ERR: Error: Authentication required. Please run 'agent login' first, or set CURSOR_API_KEY environment variable.
[Process Chain Manager] ERR: Error: Authentication required. Please run 'agent login' first, or set CURSOR_API_KEY environment variable.
[Process Chain Manager] ERR: Error: Authentication required. Please run 'agent login' first, or set CURSOR_API_KEY environment variable.
[Process Chain Manager] ERR: Error: Authentication required. Please run 'agent login' first, or set CURSOR_API_KEY environment variable.
[Process Chain Manager] ERR: Error: Authentication required. Please run 'agent login' first, or set CURSOR_API_KEY environment variable.
[Process Chain Manager] ERR: Error: Authentication required. Please run 'agent login' first, or set CURSOR_API_KEY environment variable.
[Process Chain Manager] ERR: Error: Authentication required. Please run 'agent login' first, or set CURSOR_API_KEY environment variable.
[Process Chain Manager] ERR: Error: Authentication required. Please run 'agent login' first, or set CURSOR_API_KEY environment variable.
[Process Chain Manager] ERR: Error: Authentication required. Please run 'agent login' first, or set CURSOR_API_KEY environment variable.
[Process Chain Manager] ERR: Error: Authentication required. Please run 'agent login' first, or set CURSOR_API_KEY environment variable.
[Process Chain Manager] ERR: Error: Authentication required. Please run 'agent login' first, or set CURSOR_API_KEY environment variable.
[Process Chain Manager] ERR: Error: Authentication required. Please run 'agent login' first, or set CURSOR_API_KEY environment variable.
[Process Chain Manager] ERR: Error: Authentication required. Please run 'agent login' first, or set CURSOR_API_KEY environment variable.
[Process Chain Manager] ERR: Error: Authentication required. Please run 'agent login' first, or set CURSOR_API_KEY environment variable.
[Process Chain Manager] ERR: Error: Authentication required. Please run 'agent login' first, or set CURSOR_API_KEY environment variable.
[Process Chain Manager] ERR: Error: Authentication required. Please run 'agent login' first, or set CURSOR_API_KEY environment variable.
[Process Chain Manager] ERR: Error: Authentication required. Please run 'agent login' first, or set CURSOR_API_KEY environment variable.
[Process Chain Manager] ERR: Error: Authentication required. Please run 'agent login' first, or set CURSOR_API_KEY environment variable.
[Process Chain Manager] ERR: Error: Authentication required. Please run 'agent login' first, or set CURSOR_API_KEY environment variable.
[Process Chain Manager] ERR: Error: Authentication required. Please run 'agent login' first, or set CURSOR_API_KEY environment variable.
[Process Chain Manager] ERR: Error: Authentication required. Please run 'agent login' first, or set CURSOR_API_KEY environment variable.
[Process Chain Manager] ERR: Error: Authentication required. Please run 'agent login' first, or set CURSOR_API_KEY environment variable.
[Process Chain Manager] ERR: Error: Authentication required. Please run 'agent login' first, or set CURSOR_API_KEY environment variable.
[Process Chain Manager] ERR: Error: Authentication required. Please run 'agent login' first, or set CURSOR_API_KEY environment variable.
[Process Chain Manager] ERR: Error: Authentication required. Please run 'agent login' first, or set CURSOR_API_KEY environment variable.
[Process Chain Manager] ERR: Error: Authentication required. Please run 'agent login' first, or set CURSOR_API_KEY environment variable.
[Process Chain Manager] ERR: Error: Authentication required. Please run 'agent login' first, or set CURSOR_API_KEY environment variable.
[Process Chain Manager] ERR: Error: Authentication required. Please run 'agent login' first, or set CURSOR_API_KEY environment variable.
[Process Chain Manager] ERR: Error: Authentication required. Please run 'agent login' first, or set CURSOR_API_KEY environment variable.
[Process Chain Manager] ERR: Error: Authentication required. Please run 'agent login' first, or set CURSOR_API_KEY environment variable.
[Process Chain Manager] ERR: Error: Authentication required. Please run 'agent login' first, or set CURSOR_API_KEY environment variable.
[Process Chain Manager] ERR: Error: Authentication required. Please run 'agent login' first, or set CURSOR_API_KEY environment variable.
[Process Chain Manager] ERR: Error: Authentication required. Please run 'agent login' first, or set CURSOR_API_KEY environment variable.
[Process Chain Manager] ERR: Error: Authentication required. Please run 'agent login' first, or set CURSOR_API_KEY environment variable.
[Process Chain Manager] ERR: Error: Authentication required. Please run 'agent login' first, or set CURSOR_API_KEY environment variable.
[Process Chain Manager] ERR: Error: Authentication required. Please run 'agent login' first, or set CURSOR_API_KEY environment variable.
[Process Chain Manager] ERR: Error: Authentication required. Please run 'agent login' first, or set CURSOR_API_KEY environment variable.
[Process Chain Manager] ERR: Error: Authentication required. Please run 'agent login' first, or set CURSOR_API_KEY environment variable.
[Process Chain Manager] ERR: Error: Authentication required. Please run 'agent login' first, or set CURSOR_API_KEY environment variable.
[Process Chain Manager] ERR: Error: Authentication required. Please run 'agent login' first, or set CURSOR_API_KEY environment variable.
[Process Chain Manager] ERR: Error: Authentication required. Please run 'agent login' first, or set CURSOR_API_KEY environment variable.
[Process Chain Manager] ERR: Error: Authentication required. Please run 'agent login' first, or set CURSOR_API_KEY environment variable.
[Process Chain Manager] ERR: Error: Authentication required. Please run 'agent login' first, or set CURSOR_API_KEY environment variable.
[Process Chain Manager] ERR: Error: Authentication required. Please run 'agent login' first, or set CURSOR_API_KEY environment variable.
[Process Chain Manager] ERR: Error: Authentication required. Please run 'agent login' first, or set CURSOR_API_KEY environment variable.
[Process Chain Manager] ERR: Error: Authentication required. Please run 'agent login' first, or set CURSOR_API_KEY environment variable.
[Process Chain Manager] ERR: Error: Authentication required. Please run 'agent login' first, or set CURSOR_API_KEY environment variable.
[Process Chain Manager] ERR: Error: Authentication required. Please run 'agent login' first, or set CURSOR_API_KEY environment variable.
[Process Chain Manager] ERR: Error: Authentication required. Please run 'agent login' first, or set CURSOR_API_KEY environment variable.
[Process Chain Manager] ERR: Error: Authentication required. Please run 'agent login' first, or set CURSOR_API_KEY environment variable.
[Process Chain Manager] ERR: Error: Authentication required. Please run 'agent login' first, or set CURSOR_API_KEY environment variable.
[Process Chain Manager] ERR: Error: Authentication required. Please run 'agent login' first, or set CURSOR_API_KEY environment variable.
[Process Chain Manager] ERR: Error: Authentication required. Please run 'agent login' first, or set CURSOR_API_KEY environment variable.
[Process Chain Manager] ERR: Error: Authentication required. Please run 'agent login' first, or set CURSOR_API_KEY environment variable.
[Process Chain Manager] ERR: Error: Authentication required. Please run 'agent login' first, or set CURSOR_API_KEY environment variable.
[Process Chain Manager] ERR: Error: Authentication required. Please run 'agent login' first, or set CURSOR_API_KEY environment variable.
[Process Chain Manager] ERR: Error: Authentication required. Please run 'agent login' first, or set CURSOR_API_KEY environment variable.
[Process Chain Manager] ERR: Error: Authentication required. Please run 'agent login' first, or set CURSOR_API_KEY environment variable.
[Process Chain Manager] ERR: Error: Authentication required. Please run 'agent login' first, or set CURSOR_API_KEY environment variable.
[Process Chain Manager] ERR: Error: Authentication required. Please run 'agent login' first, or set CURSOR_API_KEY environment variable.
[Process Chain Manager] ERR: Error: Authentication required. Please run 'agent login' first, or set CURSOR_API_KEY environment variable.
[Process Chain Manager] ERR: Error: Authentication required. Please run 'agent login' first, or set CURSOR_API_KEY environment variable.
[Process Chain Manager] ERR: Error: Authentication required. Please run 'agent login' first, or set CURSOR_API_KEY environment variable.
[Process Chain Manager] ERR: Error: Authentication required. Please run 'agent login' first, or set CURSOR_API_KEY environment variable.
[Process Chain Manager] ERR: Error: Authentication required. Please run 'agent login' first, or set CURSOR_API_KEY environment variable.
[Process Chain Manager] ERR: Error: Authentication required. Please run 'agent login' first, or set CURSOR_API_KEY environment variable.
[Process Chain Manager] ERR: Error: Authentication required. Please run 'agent login' first, or set CURSOR_API_KEY environment variable.
[Process Chain Manager] ERR: Error: Authentication required. Please run 'agent login' first, or set CURSOR_API_KEY environment variable.
[Process Chain Manager] ERR: Error: Authentication required. Please run 'agent login' first, or set CURSOR_API_KEY environment variable.
[Process Chain Manager] ERR: Error: Authentication required. Please run 'agent login' first, or set CURSOR_API_KEY environment variable.
[Process Chain Manager] ERR: Error: Authentication required. Please run 'agent login' first, or set CURSOR_API_KEY environment variable.
[Process Chain Manager] ERR: Error: Authentication required. Please run 'agent login' first, or set CURSOR_API_KEY environment variable.
[Process Chain Manager] ERR: Error: Authentication required. Please run 'agent login' first, or set CURSOR_API_KEY environment variable.
[Process Chain Manager] ERR: Error: Authentication required. Please run 'agent login' first, or set CURSOR_API_KEY environment variable.
[Process Chain Manager] ERR: Error: Authentication required. Please run 'agent login' first, or set CURSOR_API_KEY environment variable.
[Process Chain Manager] ERR: Error: Authentication required. Please run 'agent login' first, or set CURSOR_API_KEY environment variable.
[Process Chain Manager] ERR: Error: Authentication required. Please run 'agent login' first, or set CURSOR_API_KEY environment variable.
[Process Chain Manager] ERR: Error: Authentication required. Please run 'agent login' first, or set CURSOR_API_KEY environment variable.
[Process Chain Manager] ERR: Error: Authentication required. Please run 'agent login' first, or set CURSOR_API_KEY environment variable.
[Process Chain Manager] ERR: Error: Authentication required. Please run 'agent login' first, or set CURSOR_API_KEY environment variable.
[Process Chain Manager] ERR: Error: Authentication required. Please run 'agent login' first, or set CURSOR_API_KEY environment variable.
[Process Chain Manager] ERR: Error: Authentication required. Please run 'agent login' first, or set CURSOR_API_KEY environment variable.
[Process Chain Manager] ERR: Error: Authentication required. Please run 'agent login' first, or set CURSOR_API_KEY environment variable.
[Process Chain Manager] ERR: Error: Authentication required. Please run 'agent login' first, or set CURSOR_API_KEY environment variable.
[Process Chain Manager] ERR: Error: Authentication required. Please run 'agent login' first, or set CURSOR_API_KEY environment variable.
[Process Chain Manager] ERR: Error: Authentication required. Please run 'agent login' first, or set CURSOR_API_KEY environment variable.
[Process Chain Manager] ERR: Error: Authentication required. Please run 'agent login' first, or set CURSOR_API_KEY environment variable.
[Process Chain Manager] ERR: Error: Authentication required. Please run 'agent login' first, or set CURSOR_API_KEY environment variable.
[Process Chain Manager] ERR: Error: Authentication required. Please run 'agent login' first, or set CURSOR_API_KEY environment variable.
[Process Chain Manager] ERR: Error: Authentication required. Please run 'agent login' first, or set CURSOR_API_KEY environment variable.
[Process Chain Manager] ERR: Error: Authentication required. Please run 'agent login' first, or set CURSOR_API_KEY environment variable.
[Process Chain Manager] ERR: Error: Authentication required. Please run 'agent login' first, or set CURSOR_API_KEY environment variable.
[Process Chain Manager] ERR: Error: Authentication required. Please run 'agent login' first, or set CURSOR_API_KEY environment variable.
[Process Chain Manager] ERR: Error: Authentication required. Please run 'agent login' first, or set CURSOR_API_KEY environment variable.
[Process Chain Manager] ERR: Error: Authentication required. Please run 'agent login' first, or set CURSOR_API_KEY environment variable.
[Process Chain Manager] ERR: Error: Authentication required. Please run 'agent login' first, or set CURSOR_API_KEY environment variable.
[Process Chain Manager] ERR: Error: Authentication required. Please run 'agent login' first, or set CURSOR_API_KEY environment variable.
[Process Chain Manager] ERR: Error: Authentication required. Please run 'agent login' first, or set CURSOR_API_KEY environment variable.
[Process Chain Manager] ERR: Error: Authentication required. Please run 'agent login' first, or set CURSOR_API_KEY environment variable.
[Process Chain Manager] ERR: Error: Authentication required. Please run 'agent login' first, or set CURSOR_API_KEY environment variable.
[Process Chain Manager] ERR: Error: Authentication required. Please run 'agent login' first, or set CURSOR_API_KEY environment variable.
[Process Chain Manager] ERR: Error: Authentication required. Please run 'agent login' first, or set CURSOR_API_KEY environment variable.
[Process Chain Manager] ERR: Error: Authentication required. Please run 'agent login' first, or set CURSOR_API_KEY environment variable.
[Process Chain Manager] ERR: Error: Authentication required. Please run 'agent login' first, or set CURSOR_API_KEY environment variable.
[Process Chain Manager] ERR: Error: Authentication required. Please run 'agent login' first, or set CURSOR_API_KEY environment variable.
[Process Chain Manager] ERR: Error: Authentication required. Please run 'agent login' first, or set CURSOR_API_KEY environment variable.
[Process Chain Manager] ERR: Error: Authentication required. Please run 'agent login' first, or set CURSOR_API_KEY environment variable.
[Process Chain Manager] ERR: Error: Authentication required. Please run 'agent login' first, or set CURSOR_API_KEY environment variable.
[Process Chain Manager] ERR: Error: Authentication required. Please run 'agent login' first, or set CURSOR_API_KEY environment variable.
[Process Chain Manager] ERR: Error: Authentication required. Please run 'agent login' first, or set CURSOR_API_KEY environment variable.
[Process Chain Manager] ERR: Error: Authentication required. Please run 'agent login' first, or set CURSOR_API_KEY environment variable.
[Process Chain Manager] ERR: Error: Authentication required. Please run 'agent login' first, or set CURSOR_API_KEY environment variable.
[Process Chain Manager] ERR: Error: Authentication required. Please run 'agent login' first, or set CURSOR_API_KEY environment variable.
[Process Chain Manager] ERR: Error: Authentication required. Please run 'agent login' first, or set CURSOR_API_KEY environment variable.
[Process Chain Manager] ERR: Error: Authentication required. Please run 'agent login' first, or set CURSOR_API_KEY environment variable.
[Process Chain Manager] ERR: Error: Authentication required. Please run 'agent login' first, or set CURSOR_API_KEY environment variable.
[Process Chain Manager] ERR: Error: Authentication required. Please run 'agent login' first, or set CURSOR_API_KEY environment variable.
[Process Chain Manager] ERR: Error: Authentication required. Please run 'agent login' first, or set CURSOR_API_KEY environment variable.
[Process Chain Manager] ERR: Error: Authentication required. Please run 'agent login' first, or set CURSOR_API_KEY environment variable.
[Process Chain Manager] ERR: Error: Authentication required. Please run 'agent login' first, or set CURSOR_API_KEY environment variable.
[Process Chain Manager] ERR: Error: Authentication required. Please run 'agent login' first, or set CURSOR_API_KEY environment variable.
[Process Chain Manager] ERR: Error: Authentication required. Please run 'agent login' first, or set CURSOR_API_KEY environment variable.
[Process Chain Manager] ERR: Error: Authentication required. Please run 'agent login' first, or set CURSOR_API_KEY environment variable.
[Process Chain Manager] ERR: Error: Authentication required. Please run 'agent login' first, or set CURSOR_API_KEY environment variable.
[Process Chain Manager] ERR: Error: Authentication required. Please run 'agent login' first, or set CURSOR_API_KEY environment variable.
[Process Chain Manager] ERR: Error: Authentication required. Please run 'agent login' first, or set CURSOR_API_KEY environment variable.
[Process Chain Manager] ERR: Error: Authentication required. Please run 'agent login' first, or set CURSOR_API_KEY environment variable.
[Process Chain Manager] ERR: Error: Authentication required. Please run 'agent login' first, or set CURSOR_API_KEY environment variable.
[Process Chain Manager] ERR: Error: Authentication required. Please run 'agent login' first, or set CURSOR_API_KEY environment variable.
[Process Chain Manager] ERR: Error: Authentication required. Please run 'agent login' first, or set CURSOR_API_KEY environment variable.
[Process Chain Manager] ERR: Error: Authentication required. Please run 'agent login' first, or set CURSOR_API_KEY environment variable.
[Process Chain Manager] ERR: Error: Authentication required. Please run 'agent login' first, or set CURSOR_API_KEY environment variable.
[Process Chain Manager] ERR: Error: Authentication required. Please run 'agent login' first, or set CURSOR_API_KEY environment variable.
[Process Chain Manager] ERR: Error: Authentication required. Please run 'agent login' first, or set CURSOR_API_KEY environment variable.
[Process Chain Manager] ERR: Error: Authentication required. Please run 'agent login' first, or set CURSOR_API_KEY environment variable.
[Process Chain Manager] ERR: Error: Authentication required. Please run 'agent login' first, or set CURSOR_API_KEY environment variable.
[Process Chain Manager] ERR: Error: Authentication required. Please run 'agent login' first, or set CURSOR_API_KEY environment variable.
[Process Chain Manager] ERR: Error: Authentication required. Please run 'agent login' first, or set CURSOR_API_KEY environment variable.
[Process Chain Manager] ERR: Error: Authentication required. Please run 'agent login' first, or set CURSOR_API_KEY environment variable.
[Process Chain Manager] ERR: Error: Authentication required. Please run 'agent login' first, or set CURSOR_API_KEY environment variable.
[Process Chain Manager] ERR: Error: Authentication required. Please run 'agent login' first, or set CURSOR_API_KEY environment variable.
